 51 24 4
 -5.0000000000000000E-01 -5.0000000000000000E-01  0.0000000000000000E+00
  0.0000000000000000E+00 -5.0000000000000000E-01  0.0000000000000000E+00
  5.0000000000000000E-01 -5.0000000000000000E-01  0.0000000000000000E+00
 -5.0000000000000000E-01  0.0000000000000000E+00  0.0000000000000000E+00
  0.0000000000000000E+00  0.0000000000000000E+00  0.0000000000000000E+00
  5.0000000000000000E-01  0.0000000000000000E+00  0.0000000000000000E+00
 -5.0000000000000000E-01  5.0000000000000000E-01  0.0000000000000000E+00
  0.0000000000000000E+00  5.0000000000000000E-01  0.0000000000000000E+00
  5.0000000000000000E-01  5.0000000000000000E-01  0.0000000000000000E+00
  1.0000000000000000E+00  0.0000000000000000E+00  0.0000000000000000E+00
  7.0710678118654757E-01  7.0710678118654746E-01  0.0000000000000000E+00
  6.1232339957367660E-17  1.0000000000000000E+00  0.0000000000000000E+00
 -7.0710678118654746E-01  7.0710678118654757E-01  0.0000000000000000E+00
 -1.0000000000000000E+00  1.2246467991473532E-16  0.0000000000000000E+00
 -7.0710678118654768E-01 -7.0710678118654746E-01  0.0000000000000000E+00
 -1.8369701987210297E-16 -1.0000000000000000E+00  0.0000000000000000E+00
  7.0710678118654735E-01 -7.0710678118654768E-01  0.0000000000000000E+00
 -5.0000000000000000E-01 -5.0000000000000000E-01  7.5000000000000000E-01
  0.0000000000000000E+00 -5.0000000000000000E-01  7.5000000000000000E-01
  5.0000000000000000E-01 -5.0000000000000000E-01  7.5000000000000000E-01
 -5.0000000000000000E-01  0.0000000000000000E+00  7.5000000000000000E-01
  0.0000000000000000E+00  0.0000000000000000E+00  7.5000000000000000E-01
  5.0000000000000000E-01  0.0000000000000000E+00  7.5000000000000000E-01
 -5.0000000000000000E-01  5.0000000000000000E-01  7.5000000000000000E-01
  0.0000000000000000E+00  5.0000000000000000E-01  7.5000000000000000E-01
  5.0000000000000000E-01  5.0000000000000000E-01  7.5000000000000000E-01
  1.0000000000000000E+00  0.0000000000000000E+00  7.5000000000000000E-01
  7.0710678118654757E-01  7.0710678118654746E-01  7.5000000000000000E-01
  6.1232339957367660E-17  1.0000000000000000E+00  7.5000000000000000E-01
 -7.0710678118654746E-01  7.0710678118654757E-01  7.5000000000000000E-01
 -1.0000000000000000E+00  1.2246467991473532E-16  7.5000000000000000E-01
 -7.0710678118654768E-01 -7.0710678118654746E-01  7.5000000000000000E-01
 -1.8369701987210297E-16 -1.0000000000000000E+00  7.5000000000000000E-01
  7.0710678118654735E-01 -7.0710678118654768E-01  7.5000000000000000E-01
 -5.0000000000000000E-01 -5.0000000000000000E-01  1.5000000000000000E+00
  0.0000000000000000E+00 -5.0000000000000000E-01  1.5000000000000000E+00
  5.0000000000000000E-01 -5.0000000000000000E-01  1.5000000000000000E+00
 -5.0000000000000000E-01  0.0000000000000000E+00  1.5000000000000000E+00
  0.0000000000000000E+00  0.0000000000000000E+00  1.5000000000000000E+00
  5.0000000000000000E-01  0.0000000000000000E+00  1.5000000000000000E+00
 -5.0000000000000000E-01  5.0000000000000000E-01  1.5000000000000000E+00
  0.0000000000000000E+00  5.0000000000000000E-01  1.5000000000000000E+00
  5.0000000000000000E-01  5.0000000000000000E-01  1.5000000000000000E+00
  1.0000000000000000E+00  0.0000000000000000E+00  1.5000000000000000E+00
  7.0710678118654757E-01  7.0710678118654746E-01  1.5000000000000000E+00
  6.1232339957367660E-17  1.0000000000000000E+00  1.5000000000000000E+00
 -7.0710678118654746E-01  7.0710678118654757E-01  1.5000000000000000E+00
 -1.0000000000000000E+00  1.2246467991473532E-16  1.5000000000000000E+00
 -7.0710678118654768E-01 -7.0710678118654746E-01  1.5000000000000000E+00
 -1.8369701987210297E-16 -1.0000000000000000E+00  1.5000000000000000E+00
  7.0710678118654735E-01 -7.0710678118654768E-01  1.5000000000000000E+00
 1 2 5 4 18 19 22 21 Copper
 1 1 1 1 0 1
 -5.0000000000000000E-01 -5.0000000000000000E-01  0.0000000000000000E+00
 -4.2677669529663687E-01 -5.0000000000000000E-01  0.0000000000000000E+00
 -2.5000000000000000E-01 -5.0000000000000000E-01  0.0000000000000000E+00
 -7.3223304703363135E-02 -5.0000000000000000E-01  0.0000000000000000E+00
  0.0000000000000000E+00 -5.0000000000000000E-01  0.0000000000000000E+00
 -5.0000000000000000E-01 -5.0000000000000000E-01  1.0983495705504466E-01
 -4.2677669529663687E-01 -5.0000000000000000E-01  1.0983495705504466E-01
 -2.5000000000000000E-01 -5.0000000000000000E-01  1.0983495705504466E-01
 -7.3223304703363135E-02 -5.0000000000000000E-01  1.0983495705504466E-01
  0.0000000000000000E+00 -5.0000000000000000E-01  1.0983495705504466E-01
 -5.0000000000000000E-01 -5.0000000000000000E-01  3.7499999999999994E-01
 -4.2677669529663687E-01 -5.0000000000000000E-01  3.7499999999999994E-01
 -2.5000000000000000E-01 -5.0000000000000000E-01  3.7499999999999994E-01
 -7.3223304703363135E-02 -5.0000000000000000E-01  3.7499999999999994E-01
  0.0000000000000000E+00 -5.0000000000000000E-01  3.7499999999999994E-01
 -5.0000000000000000E-01 -5.0000000000000000E-01  6.4016504294495524E-01
 -4.2677669529663687E-01 -5.0000000000000000E-01  6.4016504294495524E-01
 -2.5000000000000000E-01 -5.0000000000000000E-01  6.4016504294495524E-01
 -7.3223304703363135E-02 -5.0000000000000000E-01  6.4016504294495524E-01
  0.0000000000000000E+00 -5.0000000000000000E-01  6.4016504294495524E-01
 -5.0000000000000000E-01 -5.0000000000000000E-01  7.5000000000000000E-01
 -4.2677669529663687E-01 -5.0000000000000000E-01  7.5000000000000000E-01
 -2.5000000000000000E-01 -5.0000000000000000E-01  7.5000000000000000E-01
 -7.3223304703363135E-02 -5.0000000000000000E-01  7.5000000000000000E-01
  0.0000000000000000E+00 -5.0000000000000000E-01  7.5000000000000000E-01
 -5.0000000000000000E-01  0.0000000000000000E+00  0.0000000000000000E+00
 -4.2677669529663687E-01  0.0000000000000000E+00  0.0000000000000000E+00
 -2.5000000000000000E-01  0.0000000000000000E+00  0.0000000000000000E+00
 -7.3223304703363135E-02  0.0000000000000000E+00  0.0000000000000000E+00
  0.0000000000000000E+00  0.0000000000000000E+00  0.0000000000000000E+00
 -5.0000000000000000E-01  0.0000000000000000E+00  1.0983495705504466E-01
 -4.2677669529663687E-01  0.0000000000000000E+00  1.0983495705504466E-01
 -2.5000000000000000E-01  0.0000000000000000E+00  1.0983495705504466E-01
 -7.3223304703363135E-02  0.0000000000000000E+00  1.0983495705504466E-01
  0.0000000000000000E+00  0.0000000000000000E+00  1.0983495705504466E-01
 -5.0000000000000000E-01  0.0000000000000000E+00  3.7499999999999994E-01
 -4.2677669529663687E-01  0.0000000000000000E+00  3.7499999999999994E-01
 -2.5000000000000000E-01  0.0000000000000000E+00  3.7499999999999994E-01
 -7.3223304703363135E-02  0.0000000000000000E+00  3.7499999999999994E-01
  0.0000000000000000E+00  0.0000000000000000E+00  3.7499999999999994E-01
 -5.0000000000000000E-01  0.0000000000000000E+00  6.4016504294495524E-01
 -4.2677669529663687E-01  0.0000000000000000E+00  6.4016504294495524E-01
 -2.5000000000000000E-01  0.0000000000000000E+00  6.4016504294495524E-01
 -7.3223304703363135E-02  0.0000000000000000E+00  6.4016504294495524E-01
  0.0000000000000000E+00  0.0000000000000000E+00  6.4016504294495524E-01
 -5.0000000000000000E-01  0.0000000000000000E+00  7.5000000000000000E-01
 -4.2677669529663687E-01  0.0000000000000000E+00  7.5000000000000000E-01
 -2.5000000000000000E-01  0.0000000000000000E+00  7.5000000000000000E-01
 -7.3223304703363135E-02  0.0000000000000000E+00  7.5000000000000000E-01
  0.0000000000000000E+00  0.0000000000000000E+00  7.5000000000000000E-01
 -5.0000000000000000E-01 -5.0000000000000000E-01  0.0000000000000000E+00
 -4.2677669529663687E-01 -5.0000000000000000E-01  0.0000000000000000E+00
 -2.5000000000000000E-01 -5.0000000000000000E-01  0.0000000000000000E+00
 -7.3223304703363135E-02 -5.0000000000000000E-01  0.0000000000000000E+00
  0.0000000000000000E+00 -5.0000000000000000E-01  0.0000000000000000E+00
 -5.0000000000000000E-01 -4.2677669529663687E-01  0.0000000000000000E+00
 -4.2677669529663687E-01 -4.2677669529663687E-01  0.0000000000000000E+00
 -2.5000000000000000E-01 -4.2677669529663675E-01  0.0000000000000000E+00
 -7.3223304703363135E-02 -4.2677669529663687E-01  0.0000000000000000E+00
  0.0000000000000000E+00 -4.2677669529663687E-01  0.0000000000000000E+00
 -5.0000000000000000E-01 -2.5000000000000000E-01  0.0000000000000000E+00
 -4.2677669529663687E-01 -2.5000000000000000E-01  0.0000000000000000E+00
 -2.5000000000000000E-01 -2.5000000000000000E-01  0.0000000000000000E+00
 -7.3223304703363135E-02 -2.5000000000000000E-01  0.0000000000000000E+00
  0.0000000000000000E+00 -2.5000000000000000E-01  0.0000000000000000E+00
 -5.0000000000000000E-01 -7.3223304703363135E-02  0.0000000000000000E+00
 -4.2677669529663687E-01 -7.3223304703363107E-02  0.0000000000000000E+00
 -2.5000000000000000E-01 -7.3223304703363135E-02  0.0000000000000000E+00
 -7.3223304703363135E-02 -7.3223304703363135E-02  0.0000000000000000E+00
  0.0000000000000000E+00 -7.3223304703363135E-02  0.0000000000000000E+00
 -5.0000000000000000E-01  0.0000000000000000E+00  0.0000000000000000E+00
 -4.2677669529663687E-01  0.0000000000000000E+00  0.0000000000000000E+00
 -2.5000000000000000E-01  0.0000000000000000E+00  0.0000000000000000E+00
 -7.3223304703363135E-02  0.0000000000000000E+00  0.0000000000000000E+00
  0.0000000000000000E+00  0.0000000000000000E+00  0.0000000000000000E+00
  0.0000000000000000E+00 -5.0000000000000000E-01  0.0000000000000000E+00
  0.0000000000000000E+00 -4.2677669529663687E-01  0.0000000000000000E+00
  0.0000000000000000E+00 -2.5000000000000000E-01  0.0000000000000000E+00
  0.0000000000000000E+00 -7.3223304703363135E-02  0.0000000000000000E+00
  0.0000000000000000E+00  0.0000000000000000E+00  0.0000000000000000E+00
  0.0000000000000000E+00 -5.0000000000000000E-01  1.0983495705504466E-01
  0.0000000000000000E+00 -4.2677669529663687E-01  1.0983495705504466E-01
  0.0000000000000000E+00 -2.5000000000000000E-01  1.0983495705504466E-01
  0.0000000000000000E+00 -7.3223304703363135E-02  1.0983495705504466E-01
  0.0000000000000000E+00  0.0000000000000000E+00  1.0983495705504466E-01
  0.0000000000000000E+00 -5.0000000000000000E-01  3.7499999999999994E-01
  0.0000000000000000E+00 -4.2677669529663687E-01  3.7499999999999994E-01
  0.0000000000000000E+00 -2.5000000000000000E-01  3.7499999999999994E-01
  0.0000000000000000E+00 -7.3223304703363135E-02  3.7499999999999994E-01
  0.0000000000000000E+00  0.0000000000000000E+00  3.7499999999999994E-01
  0.0000000000000000E+00 -5.0000000000000000E-01  6.4016504294495524E-01
  0.0000000000000000E+00 -4.2677669529663687E-01  6.4016504294495524E-01
  0.0000000000000000E+00 -2.5000000000000000E-01  6.4016504294495524E-01
  0.0000000000000000E+00 -7.3223304703363135E-02  6.4016504294495524E-01
  0.0000000000000000E+00  0.0000000000000000E+00  6.4016504294495524E-01
  0.0000000000000000E+00 -5.0000000000000000E-01  7.5000000000000000E-01
  0.0000000000000000E+00 -4.2677669529663687E-01  7.5000000000000000E-01
  0.0000000000000000E+00 -2.5000000000000000E-01  7.5000000000000000E-01
  0.0000000000000000E+00 -7.3223304703363135E-02  7.5000000000000000E-01
  0.0000000000000000E+00  0.0000000000000000E+00  7.5000000000000000E-01
 -5.0000000000000000E-01 -5.0000000000000000E-01  0.0000000000000000E+00
 -5.0000000000000000E-01 -4.2677669529663687E-01  0.0000000000000000E+00
 -5.0000000000000000E-01 -2.5000000000000000E-01  0.0000000000000000E+00
 -5.0000000000000000E-01 -7.3223304703363135E-02  0.0000000000000000E+00
 -5.0000000000000000E-01  0.0000000000000000E+00  0.0000000000000000E+00
 -5.0000000000000000E-01 -5.0000000000000000E-01  1.0983495705504466E-01
 -5.0000000000000000E-01 -4.2677669529663687E-01  1.0983495705504466E-01
 -5.0000000000000000E-01 -2.5000000000000000E-01  1.0983495705504466E-01
 -5.0000000000000000E-01 -7.3223304703363135E-02  1.0983495705504466E-01
 -5.0000000000000000E-01  0.0000000000000000E+00  1.0983495705504466E-01
 -5.0000000000000000E-01 -5.0000000000000000E-01  3.7499999999999994E-01
 -5.0000000000000000E-01 -4.2677669529663687E-01  3.7499999999999994E-01
 -5.0000000000000000E-01 -2.5000000000000000E-01  3.7499999999999994E-01
 -5.0000000000000000E-01 -7.3223304703363135E-02  3.7499999999999994E-01
 -5.0000000000000000E-01  0.0000000000000000E+00  3.7499999999999994E-01
 -5.0000000000000000E-01 -5.0000000000000000E-01  6.4016504294495524E-01
 -5.0000000000000000E-01 -4.2677669529663687E-01  6.4016504294495524E-01
 -5.0000000000000000E-01 -2.5000000000000000E-01  6.4016504294495524E-01
 -5.0000000000000000E-01 -7.3223304703363135E-02  6.4016504294495524E-01
 -5.0000000000000000E-01  0.0000000000000000E+00  6.4016504294495524E-01
 -5.0000000000000000E-01 -5.0000000000000000E-01  7.5000000000000000E-01
 -5.0000000000000000E-01 -4.2677669529663687E-01  7.5000000000000000E-01
 -5.0000000000000000E-01 -2.5000000000000000E-01  7.5000000000000000E-01
 -5.0000000000000000E-01 -7.3223304703363135E-02  7.5000000000000000E-01
 -5.0000000000000000E-01  0.0000000000000000E+00  7.5000000000000000E-01
 --- --- bottom --- --- ---
 2 3 6 5 19 20 23 22 Copper
 1 1 1 1 0 1
  0.0000000000000000E+00 -5.0000000000000000E-01  0.0000000000000000E+00
  7.3223304703363107E-02 -5.0000000000000000E-01  0.0000000000000000E+00
  2.4999999999999997E-01 -5.0000000000000000E-01  0.0000000000000000E+00
  4.2677669529663687E-01 -5.0000000000000000E-01  0.0000000000000000E+00
  5.0000000000000000E-01 -5.0000000000000000E-01  0.0000000000000000E+00
  0.0000000000000000E+00 -5.0000000000000000E-01  1.0983495705504466E-01
  7.3223304703363107E-02 -5.0000000000000000E-01  1.0983495705504466E-01
  2.4999999999999997E-01 -5.0000000000000000E-01  1.0983495705504466E-01
  4.2677669529663687E-01 -5.0000000000000000E-01  1.0983495705504466E-01
  5.0000000000000000E-01 -5.0000000000000000E-01  1.0983495705504466E-01
  0.0000000000000000E+00 -5.0000000000000000E-01  3.7499999999999994E-01
  7.3223304703363107E-02 -5.0000000000000000E-01  3.7499999999999994E-01
  2.4999999999999997E-01 -5.0000000000000000E-01  3.7499999999999994E-01
  4.2677669529663687E-01 -5.0000000000000000E-01  3.7499999999999994E-01
  5.0000000000000000E-01 -5.0000000000000000E-01  3.7499999999999994E-01
  0.0000000000000000E+00 -5.0000000000000000E-01  6.4016504294495524E-01
  7.3223304703363107E-02 -5.0000000000000000E-01  6.4016504294495524E-01
  2.4999999999999997E-01 -5.0000000000000000E-01  6.4016504294495524E-01
  4.2677669529663687E-01 -5.0000000000000000E-01  6.4016504294495524E-01
  5.0000000000000000E-01 -5.0000000000000000E-01  6.4016504294495524E-01
  0.0000000000000000E+00 -5.0000000000000000E-01  7.5000000000000000E-01
  7.3223304703363107E-02 -5.0000000000000000E-01  7.5000000000000000E-01
  2.4999999999999997E-01 -5.0000000000000000E-01  7.5000000000000000E-01
  4.2677669529663687E-01 -5.0000000000000000E-01  7.5000000000000000E-01
  5.0000000000000000E-01 -5.0000000000000000E-01  7.5000000000000000E-01
  0.0000000000000000E+00  0.0000000000000000E+00  0.0000000000000000E+00
  7.3223304703363107E-02  0.0000000000000000E+00  0.0000000000000000E+00
  2.4999999999999997E-01  0.0000000000000000E+00  0.0000000000000000E+00
  4.2677669529663687E-01  0.0000000000000000E+00  0.0000000000000000E+00
  5.0000000000000000E-01  0.0000000000000000E+00  0.0000000000000000E+00
  0.0000000000000000E+00  0.0000000000000000E+00  1.0983495705504466E-01
  7.3223304703363107E-02  0.0000000000000000E+00  1.0983495705504466E-01
  2.4999999999999997E-01  0.0000000000000000E+00  1.0983495705504466E-01
  4.2677669529663687E-01  0.0000000000000000E+00  1.0983495705504466E-01
  5.0000000000000000E-01  0.0000000000000000E+00  1.0983495705504466E-01
  0.0000000000000000E+00  0.0000000000000000E+00  3.7499999999999994E-01
  7.3223304703363107E-02  0.0000000000000000E+00  3.7499999999999994E-01
  2.4999999999999997E-01  0.0000000000000000E+00  3.7499999999999994E-01
  4.2677669529663687E-01  0.0000000000000000E+00  3.7499999999999994E-01
  5.0000000000000000E-01  0.0000000000000000E+00  3.7499999999999994E-01
  0.0000000000000000E+00  0.0000000000000000E+00  6.4016504294495524E-01
  7.3223304703363107E-02  0.0000000000000000E+00  6.4016504294495524E-01
  2.4999999999999997E-01  0.0000000000000000E+00  6.4016504294495524E-01
  4.2677669529663687E-01  0.0000000000000000E+00  6.4016504294495524E-01
  5.0000000000000000E-01  0.0000000000000000E+00  6.4016504294495524E-01
  0.0000000000000000E+00  0.0000000000000000E+00  7.5000000000000000E-01
  7.3223304703363107E-02  0.0000000000000000E+00  7.5000000000000000E-01
  2.4999999999999997E-01  0.0000000000000000E+00  7.5000000000000000E-01
  4.2677669529663687E-01  0.0000000000000000E+00  7.5000000000000000E-01
  5.0000000000000000E-01  0.0000000000000000E+00  7.5000000000000000E-01
  0.0000000000000000E+00 -5.0000000000000000E-01  0.0000000000000000E+00
  7.3223304703363107E-02 -5.0000000000000000E-01  0.0000000000000000E+00
  2.4999999999999997E-01 -5.0000000000000000E-01  0.0000000000000000E+00
  4.2677669529663687E-01 -5.0000000000000000E-01  0.0000000000000000E+00
  5.0000000000000000E-01 -5.0000000000000000E-01  0.0000000000000000E+00
  0.0000000000000000E+00 -4.2677669529663687E-01  0.0000000000000000E+00
  7.3223304703363107E-02 -4.2677669529663687E-01  0.0000000000000000E+00
  2.4999999999999994E-01 -4.2677669529663675E-01  0.0000000000000000E+00
  4.2677669529663687E-01 -4.2677669529663687E-01  0.0000000000000000E+00
  5.0000000000000000E-01 -4.2677669529663687E-01  0.0000000000000000E+00
  0.0000000000000000E+00 -2.5000000000000000E-01  0.0000000000000000E+00
  7.3223304703363107E-02 -2.5000000000000000E-01  0.0000000000000000E+00
  2.4999999999999994E-01 -2.5000000000000000E-01  0.0000000000000000E+00
  4.2677669529663687E-01 -2.5000000000000000E-01  0.0000000000000000E+00
  5.0000000000000000E-01 -2.5000000000000000E-01  0.0000000000000000E+00
  0.0000000000000000E+00 -7.3223304703363135E-02  0.0000000000000000E+00
  7.3223304703363107E-02 -7.3223304703363107E-02  0.0000000000000000E+00
  2.4999999999999997E-01 -7.3223304703363135E-02  0.0000000000000000E+00
  4.2677669529663687E-01 -7.3223304703363135E-02  0.0000000000000000E+00
  5.0000000000000000E-01 -7.3223304703363135E-02  0.0000000000000000E+00
  0.0000000000000000E+00  0.0000000000000000E+00  0.0000000000000000E+00
  7.3223304703363107E-02  0.0000000000000000E+00  0.0000000000000000E+00
  2.4999999999999997E-01  0.0000000000000000E+00  0.0000000000000000E+00
  4.2677669529663687E-01  0.0000000000000000E+00  0.0000000000000000E+00
  5.0000000000000000E-01  0.0000000000000000E+00  0.0000000000000000E+00
  5.0000000000000000E-01 -5.0000000000000000E-01  0.0000000000000000E+00
  5.0000000000000000E-01 -4.2677669529663687E-01  0.0000000000000000E+00
  5.0000000000000000E-01 -2.5000000000000000E-01  0.0000000000000000E+00
  5.0000000000000000E-01 -7.3223304703363135E-02  0.0000000000000000E+00
  5.0000000000000000E-01  0.0000000000000000E+00  0.0000000000000000E+00
  5.0000000000000000E-01 -5.0000000000000000E-01  1.0983495705504466E-01
  5.0000000000000000E-01 -4.2677669529663687E-01  1.0983495705504466E-01
  5.0000000000000000E-01 -2.5000000000000000E-01  1.0983495705504466E-01
  5.0000000000000000E-01 -7.3223304703363135E-02  1.0983495705504466E-01
  5.0000000000000000E-01  0.0000000000000000E+00  1.0983495705504466E-01
  5.0000000000000000E-01 -5.0000000000000000E-01  3.7499999999999994E-01
  5.0000000000000000E-01 -4.2677669529663687E-01  3.7499999999999994E-01
  5.0000000000000000E-01 -2.5000000000000000E-01  3.7499999999999994E-01
  5.0000000000000000E-01 -7.3223304703363135E-02  3.7499999999999994E-01
  5.0000000000000000E-01  0.0000000000000000E+00  3.7499999999999994E-01
  5.0000000000000000E-01 -5.0000000000000000E-01  6.4016504294495524E-01
  5.0000000000000000E-01 -4.2677669529663687E-01  6.4016504294495524E-01
  5.0000000000000000E-01 -2.5000000000000000E-01  6.4016504294495524E-01
  5.0000000000000000E-01 -7.3223304703363135E-02  6.4016504294495524E-01
  5.0000000000000000E-01  0.0000000000000000E+00  6.4016504294495524E-01
  5.0000000000000000E-01 -5.0000000000000000E-01  7.5000000000000000E-01
  5.0000000000000000E-01 -4.2677669529663687E-01  7.5000000000000000E-01
  5.0000000000000000E-01 -2.5000000000000000E-01  7.5000000000000000E-01
  5.0000000000000000E-01 -7.3223304703363135E-02  7.5000000000000000E-01
  5.0000000000000000E-01  0.0000000000000000E+00  7.5000000000000000E-01
  0.0000000000000000E+00 -5.0000000000000000E-01  0.0000000000000000E+00
  0.0000000000000000E+00 -4.2677669529663687E-01  0.0000000000000000E+00
  0.0000000000000000E+00 -2.5000000000000000E-01  0.0000000000000000E+00
  0.0000000000000000E+00 -7.3223304703363135E-02  0.0000000000000000E+00
  0.0000000000000000E+00  0.0000000000000000E+00  0.0000000000000000E+00
  0.0000000000000000E+00 -5.0000000000000000E-01  1.0983495705504466E-01
  0.0000000000000000E+00 -4.2677669529663687E-01  1.0983495705504466E-01
  0.0000000000000000E+00 -2.5000000000000000E-01  1.0983495705504466E-01
  0.0000000000000000E+00 -7.3223304703363135E-02  1.0983495705504466E-01
  0.0000000000000000E+00  0.0000000000000000E+00  1.0983495705504466E-01
  0.0000000000000000E+00 -5.0000000000000000E-01  3.7499999999999994E-01
  0.0000000000000000E+00 -4.2677669529663687E-01  3.7499999999999994E-01
  0.0000000000000000E+00 -2.5000000000000000E-01  3.7499999999999994E-01
  0.0000000000000000E+00 -7.3223304703363135E-02  3.7499999999999994E-01
  0.0000000000000000E+00  0.0000000000000000E+00  3.7499999999999994E-01
  0.0000000000000000E+00 -5.0000000000000000E-01  6.4016504294495524E-01
  0.0000000000000000E+00 -4.2677669529663687E-01  6.4016504294495524E-01
  0.0000000000000000E+00 -2.5000000000000000E-01  6.4016504294495524E-01
  0.0000000000000000E+00 -7.3223304703363135E-02  6.4016504294495524E-01
  0.0000000000000000E+00  0.0000000000000000E+00  6.4016504294495524E-01
  0.0000000000000000E+00 -5.0000000000000000E-01  7.5000000000000000E-01
  0.0000000000000000E+00 -4.2677669529663687E-01  7.5000000000000000E-01
  0.0000000000000000E+00 -2.5000000000000000E-01  7.5000000000000000E-01
  0.0000000000000000E+00 -7.3223304703363135E-02  7.5000000000000000E-01
  0.0000000000000000E+00  0.0000000000000000E+00  7.5000000000000000E-01
 --- --- bottom --- --- ---
 4 5 8 7 21 22 25 24 Copper
 1 1 1 1 0 1
 -5.0000000000000000E-01  0.0000000000000000E+00  0.0000000000000000E+00
 -4.2677669529663687E-01  0.0000000000000000E+00  0.0000000000000000E+00
 -2.5000000000000000E-01  0.0000000000000000E+00  0.0000000000000000E+00
 -7.3223304703363135E-02  0.0000000000000000E+00  0.0000000000000000E+00
  0.0000000000000000E+00  0.0000000000000000E+00  0.0000000000000000E+00
 -5.0000000000000000E-01  0.0000000000000000E+00  1.0983495705504466E-01
 -4.2677669529663687E-01  0.0000000000000000E+00  1.0983495705504466E-01
 -2.5000000000000000E-01  0.0000000000000000E+00  1.0983495705504466E-01
 -7.3223304703363135E-02  0.0000000000000000E+00  1.0983495705504466E-01
  0.0000000000000000E+00  0.0000000000000000E+00  1.0983495705504466E-01
 -5.0000000000000000E-01  0.0000000000000000E+00  3.7499999999999994E-01
 -4.2677669529663687E-01  0.0000000000000000E+00  3.7499999999999994E-01
 -2.5000000000000000E-01  0.0000000000000000E+00  3.7499999999999994E-01
 -7.3223304703363135E-02  0.0000000000000000E+00  3.7499999999999994E-01
  0.0000000000000000E+00  0.0000000000000000E+00  3.7499999999999994E-01
 -5.0000000000000000E-01  0.0000000000000000E+00  6.4016504294495524E-01
 -4.2677669529663687E-01  0.0000000000000000E+00  6.4016504294495524E-01
 -2.5000000000000000E-01  0.0000000000000000E+00  6.4016504294495524E-01
 -7.3223304703363135E-02  0.0000000000000000E+00  6.4016504294495524E-01
  0.0000000000000000E+00  0.0000000000000000E+00  6.4016504294495524E-01
 -5.0000000000000000E-01  0.0000000000000000E+00  7.5000000000000000E-01
 -4.2677669529663687E-01  0.0000000000000000E+00  7.5000000000000000E-01
 -2.5000000000000000E-01  0.0000000000000000E+00  7.5000000000000000E-01
 -7.3223304703363135E-02  0.0000000000000000E+00  7.5000000000000000E-01
  0.0000000000000000E+00  0.0000000000000000E+00  7.5000000000000000E-01
 -5.0000000000000000E-01  5.0000000000000000E-01  0.0000000000000000E+00
 -4.2677669529663687E-01  5.0000000000000000E-01  0.0000000000000000E+00
 -2.5000000000000000E-01  5.0000000000000000E-01  0.0000000000000000E+00
 -7.3223304703363135E-02  5.0000000000000000E-01  0.0000000000000000E+00
  0.0000000000000000E+00  5.0000000000000000E-01  0.0000000000000000E+00
 -5.0000000000000000E-01  5.0000000000000000E-01  1.0983495705504466E-01
 -4.2677669529663687E-01  5.0000000000000000E-01  1.0983495705504466E-01
 -2.5000000000000000E-01  5.0000000000000000E-01  1.0983495705504466E-01
 -7.3223304703363135E-02  5.0000000000000000E-01  1.0983495705504466E-01
  0.0000000000000000E+00  5.0000000000000000E-01  1.0983495705504466E-01
 -5.0000000000000000E-01  5.0000000000000000E-01  3.7499999999999994E-01
 -4.2677669529663687E-01  5.0000000000000000E-01  3.7499999999999994E-01
 -2.5000000000000000E-01  5.0000000000000000E-01  3.7499999999999994E-01
 -7.3223304703363135E-02  5.0000000000000000E-01  3.7499999999999994E-01
  0.0000000000000000E+00  5.0000000000000000E-01  3.7499999999999994E-01
 -5.0000000000000000E-01  5.0000000000000000E-01  6.4016504294495524E-01
 -4.2677669529663687E-01  5.0000000000000000E-01  6.4016504294495524E-01
 -2.5000000000000000E-01  5.0000000000000000E-01  6.4016504294495524E-01
 -7.3223304703363135E-02  5.0000000000000000E-01  6.4016504294495524E-01
  0.0000000000000000E+00  5.0000000000000000E-01  6.4016504294495524E-01
 -5.0000000000000000E-01  5.0000000000000000E-01  7.5000000000000000E-01
 -4.2677669529663687E-01  5.0000000000000000E-01  7.5000000000000000E-01
 -2.5000000000000000E-01  5.0000000000000000E-01  7.5000000000000000E-01
 -7.3223304703363135E-02  5.0000000000000000E-01  7.5000000000000000E-01
  0.0000000000000000E+00  5.0000000000000000E-01  7.5000000000000000E-01
 -5.0000000000000000E-01  0.0000000000000000E+00  0.0000000000000000E+00
 -4.2677669529663687E-01  0.0000000000000000E+00  0.0000000000000000E+00
 -2.5000000000000000E-01  0.0000000000000000E+00  0.0000000000000000E+00
 -7.3223304703363135E-02  0.0000000000000000E+00  0.0000000000000000E+00
  0.0000000000000000E+00  0.0000000000000000E+00  0.0000000000000000E+00
 -5.0000000000000000E-01  7.3223304703363107E-02  0.0000000000000000E+00
 -4.2677669529663687E-01  7.3223304703363079E-02  0.0000000000000000E+00
 -2.5000000000000000E-01  7.3223304703363107E-02  0.0000000000000000E+00
 -7.3223304703363135E-02  7.3223304703363107E-02  0.0000000000000000E+00
  0.0000000000000000E+00  7.3223304703363107E-02  0.0000000000000000E+00
 -5.0000000000000000E-01  2.4999999999999997E-01  0.0000000000000000E+00
 -4.2677669529663687E-01  2.5000000000000000E-01  0.0000000000000000E+00
 -2.5000000000000000E-01  2.4999999999999994E-01  0.0000000000000000E+00
 -7.3223304703363135E-02  2.4999999999999992E-01  0.0000000000000000E+00
  0.0000000000000000E+00  2.4999999999999997E-01  0.0000000000000000E+00
 -5.0000000000000000E-01  4.2677669529663687E-01  0.0000000000000000E+00
 -4.2677669529663687E-01  4.2677669529663687E-01  0.0000000000000000E+00
 -2.5000000000000000E-01  4.2677669529663675E-01  0.0000000000000000E+00
 -7.3223304703363135E-02  4.2677669529663687E-01  0.0000000000000000E+00
  0.0000000000000000E+00  4.2677669529663687E-01  0.0000000000000000E+00
 -5.0000000000000000E-01  5.0000000000000000E-01  0.0000000000000000E+00
 -4.2677669529663687E-01  5.0000000000000000E-01  0.0000000000000000E+00
 -2.5000000000000000E-01  5.0000000000000000E-01  0.0000000000000000E+00
 -7.3223304703363135E-02  5.0000000000000000E-01  0.0000000000000000E+00
  0.0000000000000000E+00  5.0000000000000000E-01  0.0000000000000000E+00
  0.0000000000000000E+00  0.0000000000000000E+00  0.0000000000000000E+00
  0.0000000000000000E+00  7.3223304703363107E-02  0.0000000000000000E+00
  0.0000000000000000E+00  2.4999999999999997E-01  0.0000000000000000E+00
  0.0000000000000000E+00  4.2677669529663687E-01  0.0000000000000000E+00
  0.0000000000000000E+00  5.0000000000000000E-01  0.0000000000000000E+00
  0.0000000000000000E+00  0.0000000000000000E+00  1.0983495705504466E-01
  0.0000000000000000E+00  7.3223304703363107E-02  1.0983495705504466E-01
  0.0000000000000000E+00  2.4999999999999997E-01  1.0983495705504466E-01
  0.0000000000000000E+00  4.2677669529663687E-01  1.0983495705504466E-01
  0.0000000000000000E+00  5.0000000000000000E-01  1.0983495705504466E-01
  0.0000000000000000E+00  0.0000000000000000E+00  3.7499999999999994E-01
  0.0000000000000000E+00  7.3223304703363107E-02  3.7499999999999994E-01
  0.0000000000000000E+00  2.4999999999999997E-01  3.7499999999999994E-01
  0.0000000000000000E+00  4.2677669529663687E-01  3.7499999999999994E-01
  0.0000000000000000E+00  5.0000000000000000E-01  3.7499999999999994E-01
  0.0000000000000000E+00  0.0000000000000000E+00  6.4016504294495524E-01
  0.0000000000000000E+00  7.3223304703363107E-02  6.4016504294495524E-01
  0.0000000000000000E+00  2.4999999999999997E-01  6.4016504294495524E-01
  0.0000000000000000E+00  4.2677669529663687E-01  6.4016504294495524E-01
  0.0000000000000000E+00  5.0000000000000000E-01  6.4016504294495524E-01
  0.0000000000000000E+00  0.0000000000000000E+00  7.5000000000000000E-01
  0.0000000000000000E+00  7.3223304703363107E-02  7.5000000000000000E-01
  0.0000000000000000E+00  2.4999999999999997E-01  7.5000000000000000E-01
  0.0000000000000000E+00  4.2677669529663687E-01  7.5000000000000000E-01
  0.0000000000000000E+00  5.0000000000000000E-01  7.5000000000000000E-01
 -5.0000000000000000E-01  0.0000000000000000E+00  0.0000000000000000E+00
 -5.0000000000000000E-01  7.3223304703363107E-02  0.0000000000000000E+00
 -5.0000000000000000E-01  2.4999999999999997E-01  0.0000000000000000E+00
 -5.0000000000000000E-01  4.2677669529663687E-01  0.0000000000000000E+00
 -5.0000000000000000E-01  5.0000000000000000E-01  0.0000000000000000E+00
 -5.0000000000000000E-01  0.0000000000000000E+00  1.0983495705504466E-01
 -5.0000000000000000E-01  7.3223304703363107E-02  1.0983495705504466E-01
 -5.0000000000000000E-01  2.4999999999999997E-01  1.0983495705504466E-01
 -5.0000000000000000E-01  4.2677669529663687E-01  1.0983495705504466E-01
 -5.0000000000000000E-01  5.0000000000000000E-01  1.0983495705504466E-01
 -5.0000000000000000E-01  0.0000000000000000E+00  3.7499999999999994E-01
 -5.0000000000000000E-01  7.3223304703363107E-02  3.7499999999999994E-01
 -5.0000000000000000E-01  2.4999999999999997E-01  3.7499999999999994E-01
 -5.0000000000000000E-01  4.2677669529663687E-01  3.7499999999999994E-01
 -5.0000000000000000E-01  5.0000000000000000E-01  3.7499999999999994E-01
 -5.0000000000000000E-01  0.0000000000000000E+00  6.4016504294495524E-01
 -5.0000000000000000E-01  7.3223304703363107E-02  6.4016504294495524E-01
 -5.0000000000000000E-01  2.4999999999999997E-01  6.4016504294495524E-01
 -5.0000000000000000E-01  4.2677669529663687E-01  6.4016504294495524E-01
 -5.0000000000000000E-01  5.0000000000000000E-01  6.4016504294495524E-01
 -5.0000000000000000E-01  0.0000000000000000E+00  7.5000000000000000E-01
 -5.0000000000000000E-01  7.3223304703363107E-02  7.5000000000000000E-01
 -5.0000000000000000E-01  2.4999999999999997E-01  7.5000000000000000E-01
 -5.0000000000000000E-01  4.2677669529663687E-01  7.5000000000000000E-01
 -5.0000000000000000E-01  5.0000000000000000E-01  7.5000000000000000E-01
 --- --- bottom --- --- ---
 5 6 9 8 22 23 26 25 Copper
 1 1 1 1 0 1
  0.0000000000000000E+00  0.0000000000000000E+00  0.0000000000000000E+00
  7.3223304703363107E-02  0.0000000000000000E+00  0.0000000000000000E+00
  2.4999999999999997E-01  0.0000000000000000E+00  0.0000000000000000E+00
  4.2677669529663687E-01  0.0000000000000000E+00  0.0000000000000000E+00
  5.0000000000000000E-01  0.0000000000000000E+00  0.0000000000000000E+00
  0.0000000000000000E+00  0.0000000000000000E+00  1.0983495705504466E-01
  7.3223304703363107E-02  0.0000000000000000E+00  1.0983495705504466E-01
  2.4999999999999997E-01  0.0000000000000000E+00  1.0983495705504466E-01
  4.2677669529663687E-01  0.0000000000000000E+00  1.0983495705504466E-01
  5.0000000000000000E-01  0.0000000000000000E+00  1.0983495705504466E-01
  0.0000000000000000E+00  0.0000000000000000E+00  3.7499999999999994E-01
  7.3223304703363107E-02  0.0000000000000000E+00  3.7499999999999994E-01
  2.4999999999999997E-01  0.0000000000000000E+00  3.7499999999999994E-01
  4.2677669529663687E-01  0.0000000000000000E+00  3.7499999999999994E-01
  5.0000000000000000E-01  0.0000000000000000E+00  3.7499999999999994E-01
  0.0000000000000000E+00  0.0000000000000000E+00  6.4016504294495524E-01
  7.3223304703363107E-02  0.0000000000000000E+00  6.4016504294495524E-01
  2.4999999999999997E-01  0.0000000000000000E+00  6.4016504294495524E-01
  4.2677669529663687E-01  0.0000000000000000E+00  6.4016504294495524E-01
  5.0000000000000000E-01  0.0000000000000000E+00  6.4016504294495524E-01
  0.0000000000000000E+00  0.0000000000000000E+00  7.5000000000000000E-01
  7.3223304703363107E-02  0.0000000000000000E+00  7.5000000000000000E-01
  2.4999999999999997E-01  0.0000000000000000E+00  7.5000000000000000E-01
  4.2677669529663687E-01  0.0000000000000000E+00  7.5000000000000000E-01
  5.0000000000000000E-01  0.0000000000000000E+00  7.5000000000000000E-01
  0.0000000000000000E+00  5.0000000000000000E-01  0.0000000000000000E+00
  7.3223304703363107E-02  5.0000000000000000E-01  0.0000000000000000E+00
  2.4999999999999997E-01  5.0000000000000000E-01  0.0000000000000000E+00
  4.2677669529663687E-01  5.0000000000000000E-01  0.0000000000000000E+00
  5.0000000000000000E-01  5.0000000000000000E-01  0.0000000000000000E+00
  0.0000000000000000E+00  5.0000000000000000E-01  1.0983495705504466E-01
  7.3223304703363107E-02  5.0000000000000000E-01  1.0983495705504466E-01
  2.4999999999999997E-01  5.0000000000000000E-01  1.0983495705504466E-01
  4.2677669529663687E-01  5.0000000000000000E-01  1.0983495705504466E-01
  5.0000000000000000E-01  5.0000000000000000E-01  1.0983495705504466E-01
  0.0000000000000000E+00  5.0000000000000000E-01  3.7499999999999994E-01
  7.3223304703363107E-02  5.0000000000000000E-01  3.7499999999999994E-01
  2.4999999999999997E-01  5.0000000000000000E-01  3.7499999999999994E-01
  4.2677669529663687E-01  5.0000000000000000E-01  3.7499999999999994E-01
  5.0000000000000000E-01  5.0000000000000000E-01  3.7499999999999994E-01
  0.0000000000000000E+00  5.0000000000000000E-01  6.4016504294495524E-01
  7.3223304703363107E-02  5.0000000000000000E-01  6.4016504294495524E-01
  2.4999999999999997E-01  5.0000000000000000E-01  6.4016504294495524E-01
  4.2677669529663687E-01  5.0000000000000000E-01  6.4016504294495524E-01
  5.0000000000000000E-01  5.0000000000000000E-01  6.4016504294495524E-01
  0.0000000000000000E+00  5.0000000000000000E-01  7.5000000000000000E-01
  7.3223304703363107E-02  5.0000000000000000E-01  7.5000000000000000E-01
  2.4999999999999997E-01  5.0000000000000000E-01  7.5000000000000000E-01
  4.2677669529663687E-01  5.0000000000000000E-01  7.5000000000000000E-01
  5.0000000000000000E-01  5.0000000000000000E-01  7.5000000000000000E-01
  0.0000000000000000E+00  0.0000000000000000E+00  0.0000000000000000E+00
  7.3223304703363107E-02  0.0000000000000000E+00  0.0000000000000000E+00
  2.4999999999999997E-01  0.0000000000000000E+00  0.0000000000000000E+00
  4.2677669529663687E-01  0.0000000000000000E+00  0.0000000000000000E+00
  5.0000000000000000E-01  0.0000000000000000E+00  0.0000000000000000E+00
  0.0000000000000000E+00  7.3223304703363107E-02  0.0000000000000000E+00
  7.3223304703363107E-02  7.3223304703363079E-02  0.0000000000000000E+00
  2.4999999999999994E-01  7.3223304703363107E-02  0.0000000000000000E+00
  4.2677669529663687E-01  7.3223304703363107E-02  0.0000000000000000E+00
  5.0000000000000000E-01  7.3223304703363107E-02  0.0000000000000000E+00
  0.0000000000000000E+00  2.4999999999999997E-01  0.0000000000000000E+00
  7.3223304703363107E-02  2.5000000000000000E-01  0.0000000000000000E+00
  2.4999999999999994E-01  2.4999999999999994E-01  0.0000000000000000E+00
  4.2677669529663687E-01  2.4999999999999992E-01  0.0000000000000000E+00
  5.0000000000000000E-01  2.4999999999999997E-01  0.0000000000000000E+00
  0.0000000000000000E+00  4.2677669529663687E-01  0.0000000000000000E+00
  7.3223304703363107E-02  4.2677669529663687E-01  0.0000000000000000E+00
  2.4999999999999997E-01  4.2677669529663675E-01  0.0000000000000000E+00
  4.2677669529663687E-01  4.2677669529663687E-01  0.0000000000000000E+00
  5.0000000000000000E-01  4.2677669529663687E-01  0.0000000000000000E+00
  0.0000000000000000E+00  5.0000000000000000E-01  0.0000000000000000E+00
  7.3223304703363107E-02  5.0000000000000000E-01  0.0000000000000000E+00
  2.4999999999999997E-01  5.0000000000000000E-01  0.0000000000000000E+00
  4.2677669529663687E-01  5.0000000000000000E-01  0.0000000000000000E+00
  5.0000000000000000E-01  5.0000000000000000E-01  0.0000000000000000E+00
  5.0000000000000000E-01  0.0000000000000000E+00  0.0000000000000000E+00
  5.0000000000000000E-01  7.3223304703363107E-02  0.0000000000000000E+00
  5.0000000000000000E-01  2.4999999999999997E-01  0.0000000000000000E+00
  5.0000000000000000E-01  4.2677669529663687E-01  0.0000000000000000E+00
  5.0000000000000000E-01  5.0000000000000000E-01  0.0000000000000000E+00
  5.0000000000000000E-01  0.0000000000000000E+00  1.0983495705504466E-01
  5.0000000000000000E-01  7.3223304703363107E-02  1.0983495705504466E-01
  5.0000000000000000E-01  2.4999999999999997E-01  1.0983495705504466E-01
  5.0000000000000000E-01  4.2677669529663687E-01  1.0983495705504466E-01
  5.0000000000000000E-01  5.0000000000000000E-01  1.0983495705504466E-01
  5.0000000000000000E-01  0.0000000000000000E+00  3.7499999999999994E-01
  5.0000000000000000E-01  7.3223304703363107E-02  3.7499999999999994E-01
  5.0000000000000000E-01  2.4999999999999997E-01  3.7499999999999994E-01
  5.0000000000000000E-01  4.2677669529663687E-01  3.7499999999999994E-01
  5.0000000000000000E-01  5.0000000000000000E-01  3.7499999999999994E-01
  5.0000000000000000E-01  0.0000000000000000E+00  6.4016504294495524E-01
  5.0000000000000000E-01  7.3223304703363107E-02  6.4016504294495524E-01
  5.0000000000000000E-01  2.4999999999999997E-01  6.4016504294495524E-01
  5.0000000000000000E-01  4.2677669529663687E-01  6.4016504294495524E-01
  5.0000000000000000E-01  5.0000000000000000E-01  6.4016504294495524E-01
  5.0000000000000000E-01  0.0000000000000000E+00  7.5000000000000000E-01
  5.0000000000000000E-01  7.3223304703363107E-02  7.5000000000000000E-01
  5.0000000000000000E-01  2.4999999999999997E-01  7.5000000000000000E-01
  5.0000000000000000E-01  4.2677669529663687E-01  7.5000000000000000E-01
  5.0000000000000000E-01  5.0000000000000000E-01  7.5000000000000000E-01
  0.0000000000000000E+00  0.0000000000000000E+00  0.0000000000000000E+00
  0.0000000000000000E+00  7.3223304703363107E-02  0.0000000000000000E+00
  0.0000000000000000E+00  2.4999999999999997E-01  0.0000000000000000E+00
  0.0000000000000000E+00  4.2677669529663687E-01  0.0000000000000000E+00
  0.0000000000000000E+00  5.0000000000000000E-01  0.0000000000000000E+00
  0.0000000000000000E+00  0.0000000000000000E+00  1.0983495705504466E-01
  0.0000000000000000E+00  7.3223304703363107E-02  1.0983495705504466E-01
  0.0000000000000000E+00  2.4999999999999997E-01  1.0983495705504466E-01
  0.0000000000000000E+00  4.2677669529663687E-01  1.0983495705504466E-01
  0.0000000000000000E+00  5.0000000000000000E-01  1.0983495705504466E-01
  0.0000000000000000E+00  0.0000000000000000E+00  3.7499999999999994E-01
  0.0000000000000000E+00  7.3223304703363107E-02  3.7499999999999994E-01
  0.0000000000000000E+00  2.4999999999999997E-01  3.7499999999999994E-01
  0.0000000000000000E+00  4.2677669529663687E-01  3.7499999999999994E-01
  0.0000000000000000E+00  5.0000000000000000E-01  3.7499999999999994E-01
  0.0000000000000000E+00  0.0000000000000000E+00  6.4016504294495524E-01
  0.0000000000000000E+00  7.3223304703363107E-02  6.4016504294495524E-01
  0.0000000000000000E+00  2.4999999999999997E-01  6.4016504294495524E-01
  0.0000000000000000E+00  4.2677669529663687E-01  6.4016504294495524E-01
  0.0000000000000000E+00  5.0000000000000000E-01  6.4016504294495524E-01
  0.0000000000000000E+00  0.0000000000000000E+00  7.5000000000000000E-01
  0.0000000000000000E+00  7.3223304703363107E-02  7.5000000000000000E-01
  0.0000000000000000E+00  2.4999999999999997E-01  7.5000000000000000E-01
  0.0000000000000000E+00  4.2677669529663687E-01  7.5000000000000000E-01
  0.0000000000000000E+00  5.0000000000000000E-01  7.5000000000000000E-01
 --- --- bottom --- --- ---
 6 10 11 9 23 27 28 26 Insulator
 1 1 1 1 1 1
  5.0000000000000000E-01  0.0000000000000000E+00  0.0000000000000000E+00
  5.7322330470336302E-01  0.0000000000000000E+00  0.0000000000000000E+00
  7.5000000000000000E-01  0.0000000000000000E+00  0.0000000000000000E+00
  9.2677669529663687E-01  0.0000000000000000E+00  0.0000000000000000E+00
  1.0000000000000000E+00  0.0000000000000000E+00  0.0000000000000000E+00
  5.0000000000000000E-01  0.0000000000000000E+00  1.0983495705504466E-01
  5.7322330470336302E-01  0.0000000000000000E+00  1.0983495705504466E-01
  7.5000000000000000E-01  0.0000000000000000E+00  1.0983495705504466E-01
  9.2677669529663687E-01  0.0000000000000000E+00  1.0983495705504466E-01
  1.0000000000000000E+00  0.0000000000000000E+00  1.0983495705504466E-01
  5.0000000000000000E-01  0.0000000000000000E+00  3.7499999999999994E-01
  5.7322330470336302E-01  0.0000000000000000E+00  3.7499999999999994E-01
  7.5000000000000000E-01  0.0000000000000000E+00  3.7499999999999994E-01
  9.2677669529663687E-01  0.0000000000000000E+00  3.7499999999999994E-01
  1.0000000000000000E+00  0.0000000000000000E+00  3.7499999999999994E-01
  5.0000000000000000E-01  0.0000000000000000E+00  6.4016504294495524E-01
  5.7322330470336302E-01  0.0000000000000000E+00  6.4016504294495524E-01
  7.5000000000000000E-01  0.0000000000000000E+00  6.4016504294495524E-01
  9.2677669529663687E-01  0.0000000000000000E+00  6.4016504294495524E-01
  1.0000000000000000E+00  0.0000000000000000E+00  6.4016504294495524E-01
  5.0000000000000000E-01  0.0000000000000000E+00  7.5000000000000000E-01
  5.7322330470336302E-01  0.0000000000000000E+00  7.5000000000000000E-01
  7.5000000000000000E-01  0.0000000000000000E+00  7.5000000000000000E-01
  9.2677669529663687E-01  0.0000000000000000E+00  7.5000000000000000E-01
  1.0000000000000000E+00  0.0000000000000000E+00  7.5000000000000000E-01
  5.0000000000000000E-01  5.0000000000000000E-01  0.0000000000000000E+00
  5.3033008588991060E-01  5.3033008588991060E-01  0.0000000000000000E+00
  6.0355339059327373E-01  6.0355339059327373E-01  0.0000000000000000E+00
  6.7677669529663687E-01  6.7677669529663687E-01  0.0000000000000000E+00
  7.0710678118654757E-01  7.0710678118654746E-01  0.0000000000000000E+00
  5.0000000000000000E-01  5.0000000000000000E-01  1.0983495705504466E-01
  5.3033008588991060E-01  5.3033008588991060E-01  1.0983495705504466E-01
  6.0355339059327373E-01  6.0355339059327373E-01  1.0983495705504466E-01
  6.7677669529663687E-01  6.7677669529663687E-01  1.0983495705504466E-01
  7.0710678118654757E-01  7.0710678118654746E-01  1.0983495705504466E-01
  5.0000000000000000E-01  5.0000000000000000E-01  3.7499999999999994E-01
  5.3033008588991060E-01  5.3033008588991060E-01  3.7499999999999994E-01
  6.0355339059327373E-01  6.0355339059327373E-01  3.7499999999999994E-01
  6.7677669529663687E-01  6.7677669529663687E-01  3.7499999999999994E-01
  7.0710678118654757E-01  7.0710678118654746E-01  3.7499999999999994E-01
  5.0000000000000000E-01  5.0000000000000000E-01  6.4016504294495524E-01
  5.3033008588991060E-01  5.3033008588991060E-01  6.4016504294495524E-01
  6.0355339059327373E-01  6.0355339059327373E-01  6.4016504294495524E-01
  6.7677669529663687E-01  6.7677669529663687E-01  6.4016504294495524E-01
  7.0710678118654757E-01  7.0710678118654746E-01  6.4016504294495524E-01
  5.0000000000000000E-01  5.0000000000000000E-01  7.5000000000000000E-01
  5.3033008588991060E-01  5.3033008588991060E-01  7.5000000000000000E-01
  6.0355339059327373E-01  6.0355339059327373E-01  7.5000000000000000E-01
  6.7677669529663687E-01  6.7677669529663687E-01  7.5000000000000000E-01
  7.0710678118654757E-01  7.0710678118654746E-01  7.5000000000000000E-01
  5.0000000000000000E-01  0.0000000000000000E+00  0.0000000000000000E+00
  5.7322330470336302E-01  0.0000000000000000E+00  0.0000000000000000E+00
  7.5000000000000000E-01  0.0000000000000000E+00  0.0000000000000000E+00
  9.2677669529663687E-01  0.0000000000000000E+00  0.0000000000000000E+00
  1.0000000000000000E+00  0.0000000000000000E+00  0.0000000000000000E+00
  5.0000000000000000E-01  7.3223304703363107E-02  0.0000000000000000E+00
  5.7225567566775837E-01  7.9307012729959686E-02  0.0000000000000000E+00
  7.4669630782329299E-01  9.3994383157287170E-02  0.0000000000000000E+00
  9.2113693997882728E-01  1.0868175358461463E-01  0.0000000000000000E+00
  9.9339261564658599E-01  1.1476546161121121E-01  0.0000000000000000E+00
  5.0000000000000000E-01  2.4999999999999997E-01  0.0000000000000000E+00
  5.6207572033318609E-01  2.6943103879431396E-01  0.0000000000000000E+00
  7.1193976625564315E-01  3.1634171618254486E-01  0.0000000000000000E+00
  8.6180381217810065E-01  3.6325239357077566E-01  0.0000000000000000E+00
  9.2387953251128674E-01  3.8268343236508967E-01  0.0000000000000000E+00
  5.0000000000000000E-01  4.2677669529663687E-01  0.0000000000000000E+00
  5.4153022151000485E-01  4.5526151616431848E-01  0.0000000000000000E+00
  6.4179304552781713E-01  5.2402995702484390E-01  0.0000000000000000E+00
  7.4205586954562941E-01  5.9279839788536903E-01  0.0000000000000000E+00
  7.8358609105563426E-01  6.2128321875305059E-01  0.0000000000000000E+00
  5.0000000000000000E-01  5.0000000000000000E-01  0.0000000000000000E+00
  5.3033008588991060E-01  5.3033008588991060E-01  0.0000000000000000E+00
  6.0355339059327373E-01  6.0355339059327373E-01  0.0000000000000000E+00
  6.7677669529663687E-01  6.7677669529663687E-01  0.0000000000000000E+00
  7.0710678118654757E-01  7.0710678118654746E-01  0.0000000000000000E+00
  1.0000000000000000E+00  0.0000000000000000E+00  0.0000000000000000E+00
  9.9339261564658599E-01  1.1476546161121121E-01  0.0000000000000000E+00
  9.2387953251128674E-01  3.8268343236508967E-01  0.0000000000000000E+00
  7.8358609105563426E-01  6.2128321875305059E-01  0.0000000000000000E+00
  7.0710678118654757E-01  7.0710678118654746E-01  0.0000000000000000E+00
  1.0000000000000000E+00  0.0000000000000000E+00  1.0983495705504466E-01
  9.9339261564658599E-01  1.1476546161121121E-01  1.0983495705504466E-01
  9.2387953251128674E-01  3.8268343236508967E-01  1.0983495705504466E-01
  7.8358609105563426E-01  6.2128321875305059E-01  1.0983495705504466E-01
  7.0710678118654757E-01  7.0710678118654746E-01  1.0983495705504466E-01
  1.0000000000000000E+00  0.0000000000000000E+00  3.7499999999999994E-01
  9.9339261564658599E-01  1.1476546161121121E-01  3.7499999999999994E-01
  9.2387953251128674E-01  3.8268343236508967E-01  3.7499999999999994E-01
  7.8358609105563426E-01  6.2128321875305059E-01  3.7499999999999994E-01
  7.0710678118654757E-01  7.0710678118654746E-01  3.7499999999999994E-01
  1.0000000000000000E+00  0.0000000000000000E+00  6.4016504294495524E-01
  9.9339261564658599E-01  1.1476546161121121E-01  6.4016504294495524E-01
  9.2387953251128674E-01  3.8268343236508967E-01  6.4016504294495524E-01
  7.8358609105563426E-01  6.2128321875305059E-01  6.4016504294495524E-01
  7.0710678118654757E-01  7.0710678118654746E-01  6.4016504294495524E-01
  1.0000000000000000E+00  0.0000000000000000E+00  7.5000000000000000E-01
  9.9339261564658599E-01  1.1476546161121121E-01  7.5000000000000000E-01
  9.2387953251128674E-01  3.8268343236508967E-01  7.5000000000000000E-01
  7.8358609105563426E-01  6.2128321875305059E-01  7.5000000000000000E-01
  7.0710678118654757E-01  7.0710678118654746E-01  7.5000000000000000E-01
  5.0000000000000000E-01  0.0000000000000000E+00  7.5000000000000000E-01
  5.7322330470336302E-01  0.0000000000000000E+00  7.5000000000000000E-01
  7.5000000000000000E-01  0.0000000000000000E+00  7.5000000000000000E-01
  9.2677669529663687E-01  0.0000000000000000E+00  7.5000000000000000E-01
  1.0000000000000000E+00  0.0000000000000000E+00  7.5000000000000000E-01
  5.0000000000000000E-01  7.3223304703363107E-02  7.5000000000000000E-01
  5.7225567566775837E-01  7.9307012729959686E-02  7.5000000000000000E-01
  7.4669630782329299E-01  9.3994383157287170E-02  7.5000000000000000E-01
  9.2113693997882728E-01  1.0868175358461463E-01  7.5000000000000000E-01
  9.9339261564658599E-01  1.1476546161121121E-01  7.5000000000000000E-01
  5.0000000000000000E-01  2.4999999999999997E-01  7.5000000000000000E-01
  5.6207572033318609E-01  2.6943103879431396E-01  7.5000000000000000E-01
  7.1193976625564315E-01  3.1634171618254486E-01  7.5000000000000000E-01
  8.6180381217810065E-01  3.6325239357077566E-01  7.5000000000000000E-01
  9.2387953251128674E-01  3.8268343236508967E-01  7.5000000000000000E-01
  5.0000000000000000E-01  4.2677669529663687E-01  7.5000000000000000E-01
  5.4153022151000485E-01  4.5526151616431848E-01  7.5000000000000000E-01
  6.4179304552781713E-01  5.2402995702484390E-01  7.5000000000000000E-01
  7.4205586954562941E-01  5.9279839788536903E-01  7.5000000000000000E-01
  7.8358609105563426E-01  6.2128321875305059E-01  7.5000000000000000E-01
  5.0000000000000000E-01  5.0000000000000000E-01  7.5000000000000000E-01
  5.3033008588991060E-01  5.3033008588991060E-01  7.5000000000000000E-01
  6.0355339059327373E-01  6.0355339059327373E-01  7.5000000000000000E-01
  6.7677669529663687E-01  6.7677669529663687E-01  7.5000000000000000E-01
  7.0710678118654757E-01  7.0710678118654746E-01  7.5000000000000000E-01
  5.0000000000000000E-01  0.0000000000000000E+00  0.0000000000000000E+00
  5.0000000000000000E-01  7.3223304703363107E-02  0.0000000000000000E+00
  5.0000000000000000E-01  2.4999999999999997E-01  0.0000000000000000E+00
  5.0000000000000000E-01  4.2677669529663687E-01  0.0000000000000000E+00
  5.0000000000000000E-01  5.0000000000000000E-01  0.0000000000000000E+00
  5.0000000000000000E-01  0.0000000000000000E+00  1.0983495705504466E-01
  5.0000000000000000E-01  7.3223304703363107E-02  1.0983495705504466E-01
  5.0000000000000000E-01  2.4999999999999997E-01  1.0983495705504466E-01
  5.0000000000000000E-01  4.2677669529663687E-01  1.0983495705504466E-01
  5.0000000000000000E-01  5.0000000000000000E-01  1.0983495705504466E-01
  5.0000000000000000E-01  0.0000000000000000E+00  3.7499999999999994E-01
  5.0000000000000000E-01  7.3223304703363107E-02  3.7499999999999994E-01
  5.0000000000000000E-01  2.4999999999999997E-01  3.7499999999999994E-01
  5.0000000000000000E-01  4.2677669529663687E-01  3.7499999999999994E-01
  5.0000000000000000E-01  5.0000000000000000E-01  3.7499999999999994E-01
  5.0000000000000000E-01  0.0000000000000000E+00  6.4016504294495524E-01
  5.0000000000000000E-01  7.3223304703363107E-02  6.4016504294495524E-01
  5.0000000000000000E-01  2.4999999999999997E-01  6.4016504294495524E-01
  5.0000000000000000E-01  4.2677669529663687E-01  6.4016504294495524E-01
  5.0000000000000000E-01  5.0000000000000000E-01  6.4016504294495524E-01
  5.0000000000000000E-01  0.0000000000000000E+00  7.5000000000000000E-01
  5.0000000000000000E-01  7.3223304703363107E-02  7.5000000000000000E-01
  5.0000000000000000E-01  2.4999999999999997E-01  7.5000000000000000E-01
  5.0000000000000000E-01  4.2677669529663687E-01  7.5000000000000000E-01
  5.0000000000000000E-01  5.0000000000000000E-01  7.5000000000000000E-01
 --- --- bottom cylinder --- ---
 9 11 12 8 26 28 29 25 Insulator
 1 1 1 1 1 1
  5.0000000000000000E-01  5.0000000000000000E-01  0.0000000000000000E+00
  5.3033008588991060E-01  5.3033008588991060E-01  0.0000000000000000E+00
  6.0355339059327373E-01  6.0355339059327373E-01  0.0000000000000000E+00
  6.7677669529663687E-01  6.7677669529663687E-01  0.0000000000000000E+00
  7.0710678118654757E-01  7.0710678118654746E-01  0.0000000000000000E+00
  5.0000000000000000E-01  5.0000000000000000E-01  1.0983495705504466E-01
  5.3033008588991060E-01  5.3033008588991060E-01  1.0983495705504466E-01
  6.0355339059327373E-01  6.0355339059327373E-01  1.0983495705504466E-01
  6.7677669529663687E-01  6.7677669529663687E-01  1.0983495705504466E-01
  7.0710678118654757E-01  7.0710678118654746E-01  1.0983495705504466E-01
  5.0000000000000000E-01  5.0000000000000000E-01  3.7499999999999994E-01
  5.3033008588991060E-01  5.3033008588991060E-01  3.7499999999999994E-01
  6.0355339059327373E-01  6.0355339059327373E-01  3.7499999999999994E-01
  6.7677669529663687E-01  6.7677669529663687E-01  3.7499999999999994E-01
  7.0710678118654757E-01  7.0710678118654746E-01  3.7499999999999994E-01
  5.0000000000000000E-01  5.0000000000000000E-01  6.4016504294495524E-01
  5.3033008588991060E-01  5.3033008588991060E-01  6.4016504294495524E-01
  6.0355339059327373E-01  6.0355339059327373E-01  6.4016504294495524E-01
  6.7677669529663687E-01  6.7677669529663687E-01  6.4016504294495524E-01
  7.0710678118654757E-01  7.0710678118654746E-01  6.4016504294495524E-01
  5.0000000000000000E-01  5.0000000000000000E-01  7.5000000000000000E-01
  5.3033008588991060E-01  5.3033008588991060E-01  7.5000000000000000E-01
  6.0355339059327373E-01  6.0355339059327373E-01  7.5000000000000000E-01
  6.7677669529663687E-01  6.7677669529663687E-01  7.5000000000000000E-01
  7.0710678118654757E-01  7.0710678118654746E-01  7.5000000000000000E-01
  0.0000000000000000E+00  5.0000000000000000E-01  0.0000000000000000E+00
  8.9672685727964965E-18  5.7322330470336302E-01  0.0000000000000000E+00
  3.0616169978683824E-17  7.5000000000000000E-01  0.0000000000000000E+00
  5.2265071384571162E-17  9.2677669529663687E-01  0.0000000000000000E+00
  6.1232339957367660E-17  1.0000000000000000E+00  0.0000000000000000E+00
  0.0000000000000000E+00  5.0000000000000000E-01  1.0983495705504466E-01
  8.9672685727964965E-18  5.7322330470336302E-01  1.0983495705504466E-01
  3.0616169978683824E-17  7.5000000000000000E-01  1.0983495705504466E-01
  5.2265071384571162E-17  9.2677669529663687E-01  1.0983495705504466E-01
  6.1232339957367660E-17  1.0000000000000000E+00  1.0983495705504466E-01
  0.0000000000000000E+00  5.0000000000000000E-01  3.7499999999999994E-01
  8.9672685727964965E-18  5.7322330470336302E-01  3.7499999999999994E-01
  3.0616169978683824E-17  7.5000000000000000E-01  3.7499999999999994E-01
  5.2265071384571162E-17  9.2677669529663687E-01  3.7499999999999994E-01
  6.1232339957367660E-17  1.0000000000000000E+00  3.7499999999999994E-01
  0.0000000000000000E+00  5.0000000000000000E-01  6.4016504294495524E-01
  8.9672685727964965E-18  5.7322330470336302E-01  6.4016504294495524E-01
  3.0616169978683824E-17  7.5000000000000000E-01  6.4016504294495524E-01
  5.2265071384571162E-17  9.2677669529663687E-01  6.4016504294495524E-01
  6.1232339957367660E-17  1.0000000000000000E+00  6.4016504294495524E-01
  0.0000000000000000E+00  5.0000000000000000E-01  7.5000000000000000E-01
  8.9672685727964965E-18  5.7322330470336302E-01  7.5000000000000000E-01
  3.0616169978683824E-17  7.5000000000000000E-01  7.5000000000000000E-01
  5.2265071384571162E-17  9.2677669529663687E-01  7.5000000000000000E-01
  6.1232339957367660E-17  1.0000000000000000E+00  7.5000000000000000E-01
  5.0000000000000000E-01  5.0000000000000000E-01  0.0000000000000000E+00
  5.3033008588991060E-01  5.3033008588991060E-01  0.0000000000000000E+00
  6.0355339059327373E-01  6.0355339059327373E-01  0.0000000000000000E+00
  6.7677669529663687E-01  6.7677669529663687E-01  0.0000000000000000E+00
  7.0710678118654757E-01  7.0710678118654746E-01  0.0000000000000000E+00
  4.2677669529663687E-01  5.0000000000000000E-01  0.0000000000000000E+00
  4.5526151616431848E-01  5.4153022151000485E-01  0.0000000000000000E+00
  5.2402995702484390E-01  6.4179304552781702E-01  0.0000000000000000E+00
  5.9279839788536892E-01  7.4205586954562952E-01  0.0000000000000000E+00
  6.2128321875305059E-01  7.8358609105563426E-01  0.0000000000000000E+00
  2.5000000000000000E-01  5.0000000000000000E-01  0.0000000000000000E+00
  2.6943103879431413E-01  5.6207572033318609E-01  0.0000000000000000E+00
  3.1634171618254492E-01  7.1193976625564326E-01  0.0000000000000000E+00
  3.6325239357077571E-01  8.6180381217810065E-01  0.0000000000000000E+00
  3.8268343236508984E-01  9.2387953251128674E-01  0.0000000000000000E+00
  7.3223304703363135E-02  5.0000000000000000E-01  0.0000000000000000E+00
  7.9307012729959686E-02  5.7225567566775837E-01  0.0000000000000000E+00
  9.3994383157287198E-02  7.4669630782329288E-01  0.0000000000000000E+00
  1.0868175358461468E-01  9.2113693997882740E-01  0.0000000000000000E+00
  1.1476546161121126E-01  9.9339261564658576E-01  0.0000000000000000E+00
  0.0000000000000000E+00  5.0000000000000000E-01  0.0000000000000000E+00
  8.9672685727964965E-18  5.7322330470336302E-01  0.0000000000000000E+00
  3.0616169978683824E-17  7.5000000000000000E-01  0.0000000000000000E+00
  5.2265071384571162E-17  9.2677669529663687E-01  0.0000000000000000E+00
  6.1232339957367660E-17  1.0000000000000000E+00  0.0000000000000000E+00
  7.0710678118654757E-01  7.0710678118654746E-01  0.0000000000000000E+00
  6.2128321875305059E-01  7.8358609105563426E-01  0.0000000000000000E+00
  3.8268343236508984E-01  9.2387953251128674E-01  0.0000000000000000E+00
  1.1476546161121126E-01  9.9339261564658576E-01  0.0000000000000000E+00
  6.1232339957367660E-17  1.0000000000000000E+00  0.0000000000000000E+00
  7.0710678118654757E-01  7.0710678118654746E-01  1.0983495705504466E-01
  6.2128321875305059E-01  7.8358609105563426E-01  1.0983495705504466E-01
  3.8268343236508984E-01  9.2387953251128674E-01  1.0983495705504466E-01
  1.1476546161121126E-01  9.9339261564658576E-01  1.0983495705504466E-01
  6.1232339957367660E-17  1.0000000000000000E+00  1.0983495705504466E-01
  7.0710678118654757E-01  7.0710678118654746E-01  3.7499999999999994E-01
  6.2128321875305059E-01  7.8358609105563426E-01  3.7499999999999994E-01
  3.8268343236508984E-01  9.2387953251128674E-01  3.7499999999999994E-01
  1.1476546161121126E-01  9.9339261564658576E-01  3.7499999999999994E-01
  6.1232339957367660E-17  1.0000000000000000E+00  3.7499999999999994E-01
  7.0710678118654757E-01  7.0710678118654746E-01  6.4016504294495524E-01
  6.2128321875305059E-01  7.8358609105563426E-01  6.4016504294495524E-01
  3.8268343236508984E-01  9.2387953251128674E-01  6.4016504294495524E-01
  1.1476546161121126E-01  9.9339261564658576E-01  6.4016504294495524E-01
  6.1232339957367660E-17  1.0000000000000000E+00  6.4016504294495524E-01
  7.0710678118654757E-01  7.0710678118654746E-01  7.5000000000000000E-01
  6.2128321875305059E-01  7.8358609105563426E-01  7.5000000000000000E-01
  3.8268343236508984E-01  9.2387953251128674E-01  7.5000000000000000E-01
  1.1476546161121126E-01  9.9339261564658576E-01  7.5000000000000000E-01
  6.1232339957367660E-17  1.0000000000000000E+00  7.5000000000000000E-01
  5.0000000000000000E-01  5.0000000000000000E-01  7.5000000000000000E-01
  5.3033008588991060E-01  5.3033008588991060E-01  7.5000000000000000E-01
  6.0355339059327373E-01  6.0355339059327373E-01  7.5000000000000000E-01
  6.7677669529663687E-01  6.7677669529663687E-01  7.5000000000000000E-01
  7.0710678118654757E-01  7.0710678118654746E-01  7.5000000000000000E-01
  4.2677669529663687E-01  5.0000000000000000E-01  7.5000000000000000E-01
  4.5526151616431848E-01  5.4153022151000485E-01  7.5000000000000000E-01
  5.2402995702484390E-01  6.4179304552781702E-01  7.5000000000000000E-01
  5.9279839788536892E-01  7.4205586954562952E-01  7.5000000000000000E-01
  6.2128321875305059E-01  7.8358609105563426E-01  7.5000000000000000E-01
  2.5000000000000000E-01  5.0000000000000000E-01  7.5000000000000000E-01
  2.6943103879431413E-01  5.6207572033318609E-01  7.5000000000000000E-01
  3.1634171618254492E-01  7.1193976625564326E-01  7.5000000000000000E-01
  3.6325239357077571E-01  8.6180381217810065E-01  7.5000000000000000E-01
  3.8268343236508984E-01  9.2387953251128674E-01  7.5000000000000000E-01
  7.3223304703363135E-02  5.0000000000000000E-01  7.5000000000000000E-01
  7.9307012729959686E-02  5.7225567566775837E-01  7.5000000000000000E-01
  9.3994383157287198E-02  7.4669630782329288E-01  7.5000000000000000E-01
  1.0868175358461468E-01  9.2113693997882740E-01  7.5000000000000000E-01
  1.1476546161121126E-01  9.9339261564658576E-01  7.5000000000000000E-01
  0.0000000000000000E+00  5.0000000000000000E-01  7.5000000000000000E-01
  8.9672685727964965E-18  5.7322330470336302E-01  7.5000000000000000E-01
  3.0616169978683824E-17  7.5000000000000000E-01  7.5000000000000000E-01
  5.2265071384571162E-17  9.2677669529663687E-01  7.5000000000000000E-01
  6.1232339957367660E-17  1.0000000000000000E+00  7.5000000000000000E-01
  5.0000000000000000E-01  5.0000000000000000E-01  0.0000000000000000E+00
  4.2677669529663687E-01  5.0000000000000000E-01  0.0000000000000000E+00
  2.5000000000000000E-01  5.0000000000000000E-01  0.0000000000000000E+00
  7.3223304703363135E-02  5.0000000000000000E-01  0.0000000000000000E+00
  0.0000000000000000E+00  5.0000000000000000E-01  0.0000000000000000E+00
  5.0000000000000000E-01  5.0000000000000000E-01  1.0983495705504466E-01
  4.2677669529663687E-01  5.0000000000000000E-01  1.0983495705504466E-01
  2.5000000000000000E-01  5.0000000000000000E-01  1.0983495705504466E-01
  7.3223304703363135E-02  5.0000000000000000E-01  1.0983495705504466E-01
  0.0000000000000000E+00  5.0000000000000000E-01  1.0983495705504466E-01
  5.0000000000000000E-01  5.0000000000000000E-01  3.7499999999999994E-01
  4.2677669529663687E-01  5.0000000000000000E-01  3.7499999999999994E-01
  2.5000000000000000E-01  5.0000000000000000E-01  3.7499999999999994E-01
  7.3223304703363135E-02  5.0000000000000000E-01  3.7499999999999994E-01
  0.0000000000000000E+00  5.0000000000000000E-01  3.7499999999999994E-01
  5.0000000000000000E-01  5.0000000000000000E-01  6.4016504294495524E-01
  4.2677669529663687E-01  5.0000000000000000E-01  6.4016504294495524E-01
  2.5000000000000000E-01  5.0000000000000000E-01  6.4016504294495524E-01
  7.3223304703363135E-02  5.0000000000000000E-01  6.4016504294495524E-01
  0.0000000000000000E+00  5.0000000000000000E-01  6.4016504294495524E-01
  5.0000000000000000E-01  5.0000000000000000E-01  7.5000000000000000E-01
  4.2677669529663687E-01  5.0000000000000000E-01  7.5000000000000000E-01
  2.5000000000000000E-01  5.0000000000000000E-01  7.5000000000000000E-01
  7.3223304703363135E-02  5.0000000000000000E-01  7.5000000000000000E-01
  0.0000000000000000E+00  5.0000000000000000E-01  7.5000000000000000E-01
 --- --- bottom cylinder --- ---
 8 12 13 7 25 29 30 24 Insulator
 1 1 1 1 1 1
  0.0000000000000000E+00  5.0000000000000000E-01  0.0000000000000000E+00
  8.9672685727964965E-18  5.7322330470336302E-01  0.0000000000000000E+00
  3.0616169978683824E-17  7.5000000000000000E-01  0.0000000000000000E+00
  5.2265071384571162E-17  9.2677669529663687E-01  0.0000000000000000E+00
  6.1232339957367660E-17  1.0000000000000000E+00  0.0000000000000000E+00
  0.0000000000000000E+00  5.0000000000000000E-01  1.0983495705504466E-01
  8.9672685727964965E-18  5.7322330470336302E-01  1.0983495705504466E-01
  3.0616169978683824E-17  7.5000000000000000E-01  1.0983495705504466E-01
  5.2265071384571162E-17  9.2677669529663687E-01  1.0983495705504466E-01
  6.1232339957367660E-17  1.0000000000000000E+00  1.0983495705504466E-01
  0.0000000000000000E+00  5.0000000000000000E-01  3.7499999999999994E-01
  8.9672685727964965E-18  5.7322330470336302E-01  3.7499999999999994E-01
  3.0616169978683824E-17  7.5000000000000000E-01  3.7499999999999994E-01
  5.2265071384571162E-17  9.2677669529663687E-01  3.7499999999999994E-01
  6.1232339957367660E-17  1.0000000000000000E+00  3.7499999999999994E-01
  0.0000000000000000E+00  5.0000000000000000E-01  6.4016504294495524E-01
  8.9672685727964965E-18  5.7322330470336302E-01  6.4016504294495524E-01
  3.0616169978683824E-17  7.5000000000000000E-01  6.4016504294495524E-01
  5.2265071384571162E-17  9.2677669529663687E-01  6.4016504294495524E-01
  6.1232339957367660E-17  1.0000000000000000E+00  6.4016504294495524E-01
  0.0000000000000000E+00  5.0000000000000000E-01  7.5000000000000000E-01
  8.9672685727964965E-18  5.7322330470336302E-01  7.5000000000000000E-01
  3.0616169978683824E-17  7.5000000000000000E-01  7.5000000000000000E-01
  5.2265071384571162E-17  9.2677669529663687E-01  7.5000000000000000E-01
  6.1232339957367660E-17  1.0000000000000000E+00  7.5000000000000000E-01
 -5.0000000000000000E-01  5.0000000000000000E-01  0.0000000000000000E+00
 -5.3033008588991060E-01  5.3033008588991060E-01  0.0000000000000000E+00
 -6.0355339059327373E-01  6.0355339059327373E-01  0.0000000000000000E+00
 -6.7677669529663687E-01  6.7677669529663687E-01  0.0000000000000000E+00
 -7.0710678118654746E-01  7.0710678118654757E-01  0.0000000000000000E+00
 -5.0000000000000000E-01  5.0000000000000000E-01  1.0983495705504466E-01
 -5.3033008588991060E-01  5.3033008588991060E-01  1.0983495705504466E-01
 -6.0355339059327373E-01  6.0355339059327373E-01  1.0983495705504466E-01
 -6.7677669529663687E-01  6.7677669529663687E-01  1.0983495705504466E-01
 -7.0710678118654746E-01  7.0710678118654757E-01  1.0983495705504466E-01
 -5.0000000000000000E-01  5.0000000000000000E-01  3.7499999999999994E-01
 -5.3033008588991060E-01  5.3033008588991060E-01  3.7499999999999994E-01
 -6.0355339059327373E-01  6.0355339059327373E-01  3.7499999999999994E-01
 -6.7677669529663687E-01  6.7677669529663687E-01  3.7499999999999994E-01
 -7.0710678118654746E-01  7.0710678118654757E-01  3.7499999999999994E-01
 -5.0000000000000000E-01  5.0000000000000000E-01  6.4016504294495524E-01
 -5.3033008588991060E-01  5.3033008588991060E-01  6.4016504294495524E-01
 -6.0355339059327373E-01  6.0355339059327373E-01  6.4016504294495524E-01
 -6.7677669529663687E-01  6.7677669529663687E-01  6.4016504294495524E-01
 -7.0710678118654746E-01  7.0710678118654757E-01  6.4016504294495524E-01
 -5.0000000000000000E-01  5.0000000000000000E-01  7.5000000000000000E-01
 -5.3033008588991060E-01  5.3033008588991060E-01  7.5000000000000000E-01
 -6.0355339059327373E-01  6.0355339059327373E-01  7.5000000000000000E-01
 -6.7677669529663687E-01  6.7677669529663687E-01  7.5000000000000000E-01
 -7.0710678118654746E-01  7.0710678118654757E-01  7.5000000000000000E-01
  0.0000000000000000E+00  5.0000000000000000E-01  0.0000000000000000E+00
  8.9672685727964965E-18  5.7322330470336302E-01  0.0000000000000000E+00
  3.0616169978683824E-17  7.5000000000000000E-01  0.0000000000000000E+00
  5.2265071384571162E-17  9.2677669529663687E-01  0.0000000000000000E+00
  6.1232339957367660E-17  1.0000000000000000E+00  0.0000000000000000E+00
 -7.3223304703363107E-02  5.0000000000000000E-01  0.0000000000000000E+00
 -7.9307012729959631E-02  5.7225567566775837E-01  0.0000000000000000E+00
 -9.3994383157287142E-02  7.4669630782329299E-01  0.0000000000000000E+00
 -1.0868175358461458E-01  9.2113693997882728E-01  0.0000000000000000E+00
 -1.1476546161121115E-01  9.9339261564658599E-01  0.0000000000000000E+00
 -2.4999999999999997E-01  5.0000000000000000E-01  0.0000000000000000E+00
 -2.6943103879431396E-01  5.6207572033318609E-01  0.0000000000000000E+00
 -3.1634171618254486E-01  7.1193976625564315E-01  0.0000000000000000E+00
 -3.6325239357077566E-01  8.6180381217810065E-01  0.0000000000000000E+00
 -3.8268343236508973E-01  9.2387953251128674E-01  0.0000000000000000E+00
 -4.2677669529663687E-01  5.0000000000000000E-01  0.0000000000000000E+00
 -4.5526151616431848E-01  5.4153022151000463E-01  0.0000000000000000E+00
 -5.2402995702484390E-01  6.4179304552781713E-01  0.0000000000000000E+00
 -5.9279839788536925E-01  7.4205586954562941E-01  0.0000000000000000E+00
 -6.2128321875305081E-01  7.8358609105563426E-01  0.0000000000000000E+00
 -5.0000000000000000E-01  5.0000000000000000E-01  0.0000000000000000E+00
 -5.3033008588991060E-01  5.3033008588991060E-01  0.0000000000000000E+00
 -6.0355339059327373E-01  6.0355339059327373E-01  0.0000000000000000E+00
 -6.7677669529663687E-01  6.7677669529663687E-01  0.0000000000000000E+00
 -7.0710678118654746E-01  7.0710678118654757E-01  0.0000000000000000E+00
  6.1232339957367660E-17  1.0000000000000000E+00  0.0000000000000000E+00
 -1.1476546161121115E-01  9.9339261564658599E-01  0.0000000000000000E+00
 -3.8268343236508973E-01  9.2387953251128674E-01  0.0000000000000000E+00
 -6.2128321875305081E-01  7.8358609105563426E-01  0.0000000000000000E+00
 -7.0710678118654746E-01  7.0710678118654757E-01  0.0000000000000000E+00
  6.1232339957367660E-17  1.0000000000000000E+00  1.0983495705504466E-01
 -1.1476546161121115E-01  9.9339261564658599E-01  1.0983495705504466E-01
 -3.8268343236508973E-01  9.2387953251128674E-01  1.0983495705504466E-01
 -6.2128321875305081E-01  7.8358609105563426E-01  1.0983495705504466E-01
 -7.0710678118654746E-01  7.0710678118654757E-01  1.0983495705504466E-01
  6.1232339957367660E-17  1.0000000000000000E+00  3.7499999999999994E-01
 -1.1476546161121115E-01  9.9339261564658599E-01  3.7499999999999994E-01
 -3.8268343236508973E-01  9.2387953251128674E-01  3.7499999999999994E-01
 -6.2128321875305081E-01  7.8358609105563426E-01  3.7499999999999994E-01
 -7.0710678118654746E-01  7.0710678118654757E-01  3.7499999999999994E-01
  6.1232339957367660E-17  1.0000000000000000E+00  6.4016504294495524E-01
 -1.1476546161121115E-01  9.9339261564658599E-01  6.4016504294495524E-01
 -3.8268343236508973E-01  9.2387953251128674E-01  6.4016504294495524E-01
 -6.2128321875305081E-01  7.8358609105563426E-01  6.4016504294495524E-01
 -7.0710678118654746E-01  7.0710678118654757E-01  6.4016504294495524E-01
  6.1232339957367660E-17  1.0000000000000000E+00  7.5000000000000000E-01
 -1.1476546161121115E-01  9.9339261564658599E-01  7.5000000000000000E-01
 -3.8268343236508973E-01  9.2387953251128674E-01  7.5000000000000000E-01
 -6.2128321875305081E-01  7.8358609105563426E-01  7.5000000000000000E-01
 -7.0710678118654746E-01  7.0710678118654757E-01  7.5000000000000000E-01
  0.0000000000000000E+00  5.0000000000000000E-01  7.5000000000000000E-01
  8.9672685727964965E-18  5.7322330470336302E-01  7.5000000000000000E-01
  3.0616169978683824E-17  7.5000000000000000E-01  7.5000000000000000E-01
  5.2265071384571162E-17  9.2677669529663687E-01  7.5000000000000000E-01
  6.1232339957367660E-17  1.0000000000000000E+00  7.5000000000000000E-01
 -7.3223304703363107E-02  5.0000000000000000E-01  7.5000000000000000E-01
 -7.9307012729959631E-02  5.7225567566775837E-01  7.5000000000000000E-01
 -9.3994383157287142E-02  7.4669630782329299E-01  7.5000000000000000E-01
 -1.0868175358461458E-01  9.2113693997882728E-01  7.5000000000000000E-01
 -1.1476546161121115E-01  9.9339261564658599E-01  7.5000000000000000E-01
 -2.4999999999999997E-01  5.0000000000000000E-01  7.5000000000000000E-01
 -2.6943103879431396E-01  5.6207572033318609E-01  7.5000000000000000E-01
 -3.1634171618254486E-01  7.1193976625564315E-01  7.5000000000000000E-01
 -3.6325239357077566E-01  8.6180381217810065E-01  7.5000000000000000E-01
 -3.8268343236508973E-01  9.2387953251128674E-01  7.5000000000000000E-01
 -4.2677669529663687E-01  5.0000000000000000E-01  7.5000000000000000E-01
 -4.5526151616431848E-01  5.4153022151000463E-01  7.5000000000000000E-01
 -5.2402995702484390E-01  6.4179304552781713E-01  7.5000000000000000E-01
 -5.9279839788536925E-01  7.4205586954562941E-01  7.5000000000000000E-01
 -6.2128321875305081E-01  7.8358609105563426E-01  7.5000000000000000E-01
 -5.0000000000000000E-01  5.0000000000000000E-01  7.5000000000000000E-01
 -5.3033008588991060E-01  5.3033008588991060E-01  7.5000000000000000E-01
 -6.0355339059327373E-01  6.0355339059327373E-01  7.5000000000000000E-01
 -6.7677669529663687E-01  6.7677669529663687E-01  7.5000000000000000E-01
 -7.0710678118654746E-01  7.0710678118654757E-01  7.5000000000000000E-01
  0.0000000000000000E+00  5.0000000000000000E-01  0.0000000000000000E+00
 -7.3223304703363107E-02  5.0000000000000000E-01  0.0000000000000000E+00
 -2.4999999999999997E-01  5.0000000000000000E-01  0.0000000000000000E+00
 -4.2677669529663687E-01  5.0000000000000000E-01  0.0000000000000000E+00
 -5.0000000000000000E-01  5.0000000000000000E-01  0.0000000000000000E+00
  0.0000000000000000E+00  5.0000000000000000E-01  1.0983495705504466E-01
 -7.3223304703363107E-02  5.0000000000000000E-01  1.0983495705504466E-01
 -2.4999999999999997E-01  5.0000000000000000E-01  1.0983495705504466E-01
 -4.2677669529663687E-01  5.0000000000000000E-01  1.0983495705504466E-01
 -5.0000000000000000E-01  5.0000000000000000E-01  1.0983495705504466E-01
  0.0000000000000000E+00  5.0000000000000000E-01  3.7499999999999994E-01
 -7.3223304703363107E-02  5.0000000000000000E-01  3.7499999999999994E-01
 -2.4999999999999997E-01  5.0000000000000000E-01  3.7499999999999994E-01
 -4.2677669529663687E-01  5.0000000000000000E-01  3.7499999999999994E-01
 -5.0000000000000000E-01  5.0000000000000000E-01  3.7499999999999994E-01
  0.0000000000000000E+00  5.0000000000000000E-01  6.4016504294495524E-01
 -7.3223304703363107E-02  5.0000000000000000E-01  6.4016504294495524E-01
 -2.4999999999999997E-01  5.0000000000000000E-01  6.4016504294495524E-01
 -4.2677669529663687E-01  5.0000000000000000E-01  6.4016504294495524E-01
 -5.0000000000000000E-01  5.0000000000000000E-01  6.4016504294495524E-01
  0.0000000000000000E+00  5.0000000000000000E-01  7.5000000000000000E-01
 -7.3223304703363107E-02  5.0000000000000000E-01  7.5000000000000000E-01
 -2.4999999999999997E-01  5.0000000000000000E-01  7.5000000000000000E-01
 -4.2677669529663687E-01  5.0000000000000000E-01  7.5000000000000000E-01
 -5.0000000000000000E-01  5.0000000000000000E-01  7.5000000000000000E-01
 --- --- bottom cylinder --- ---
 7 13 14 4 24 30 31 21 Insulator
 1 1 1 1 1 1
 -5.0000000000000000E-01  5.0000000000000000E-01  0.0000000000000000E+00
 -5.3033008588991060E-01  5.3033008588991060E-01  0.0000000000000000E+00
 -6.0355339059327373E-01  6.0355339059327373E-01  0.0000000000000000E+00
 -6.7677669529663687E-01  6.7677669529663687E-01  0.0000000000000000E+00
 -7.0710678118654746E-01  7.0710678118654757E-01  0.0000000000000000E+00
 -5.0000000000000000E-01  5.0000000000000000E-01  1.0983495705504466E-01
 -5.3033008588991060E-01  5.3033008588991060E-01  1.0983495705504466E-01
 -6.0355339059327373E-01  6.0355339059327373E-01  1.0983495705504466E-01
 -6.7677669529663687E-01  6.7677669529663687E-01  1.0983495705504466E-01
 -7.0710678118654746E-01  7.0710678118654757E-01  1.0983495705504466E-01
 -5.0000000000000000E-01  5.0000000000000000E-01  3.7499999999999994E-01
 -5.3033008588991060E-01  5.3033008588991060E-01  3.7499999999999994E-01
 -6.0355339059327373E-01  6.0355339059327373E-01  3.7499999999999994E-01
 -6.7677669529663687E-01  6.7677669529663687E-01  3.7499999999999994E-01
 -7.0710678118654746E-01  7.0710678118654757E-01  3.7499999999999994E-01
 -5.0000000000000000E-01  5.0000000000000000E-01  6.4016504294495524E-01
 -5.3033008588991060E-01  5.3033008588991060E-01  6.4016504294495524E-01
 -6.0355339059327373E-01  6.0355339059327373E-01  6.4016504294495524E-01
 -6.7677669529663687E-01  6.7677669529663687E-01  6.4016504294495524E-01
 -7.0710678118654746E-01  7.0710678118654757E-01  6.4016504294495524E-01
 -5.0000000000000000E-01  5.0000000000000000E-01  7.5000000000000000E-01
 -5.3033008588991060E-01  5.3033008588991060E-01  7.5000000000000000E-01
 -6.0355339059327373E-01  6.0355339059327373E-01  7.5000000000000000E-01
 -6.7677669529663687E-01  6.7677669529663687E-01  7.5000000000000000E-01
 -7.0710678118654746E-01  7.0710678118654757E-01  7.5000000000000000E-01
 -5.0000000000000000E-01  0.0000000000000000E+00  0.0000000000000000E+00
 -5.7322330470336302E-01  1.7934537145592993E-17  0.0000000000000000E+00
 -7.5000000000000000E-01  6.1232339957367648E-17  0.0000000000000000E+00
 -9.2677669529663687E-01  1.0453014276914232E-16  0.0000000000000000E+00
 -1.0000000000000000E+00  1.2246467991473532E-16  0.0000000000000000E+00
 -5.0000000000000000E-01  0.0000000000000000E+00  1.0983495705504466E-01
 -5.7322330470336302E-01  1.7934537145592993E-17  1.0983495705504466E-01
 -7.5000000000000000E-01  6.1232339957367648E-17  1.0983495705504466E-01
 -9.2677669529663687E-01  1.0453014276914232E-16  1.0983495705504466E-01
 -1.0000000000000000E+00  1.2246467991473532E-16  1.0983495705504466E-01
 -5.0000000000000000E-01  0.0000000000000000E+00  3.7499999999999994E-01
 -5.7322330470336302E-01  1.7934537145592993E-17  3.7499999999999994E-01
 -7.5000000000000000E-01  6.1232339957367648E-17  3.7499999999999994E-01
 -9.2677669529663687E-01  1.0453014276914232E-16  3.7499999999999994E-01
 -1.0000000000000000E+00  1.2246467991473532E-16  3.7499999999999994E-01
 -5.0000000000000000E-01  0.0000000000000000E+00  6.4016504294495524E-01
 -5.7322330470336302E-01  1.7934537145592993E-17  6.4016504294495524E-01
 -7.5000000000000000E-01  6.1232339957367648E-17  6.4016504294495524E-01
 -9.2677669529663687E-01  1.0453014276914232E-16  6.4016504294495524E-01
 -1.0000000000000000E+00  1.2246467991473532E-16  6.4016504294495524E-01
 -5.0000000000000000E-01  0.0000000000000000E+00  7.5000000000000000E-01
 -5.7322330470336302E-01  1.7934537145592993E-17  7.5000000000000000E-01
 -7.5000000000000000E-01  6.1232339957367648E-17  7.5000000000000000E-01
 -9.2677669529663687E-01  1.0453014276914232E-16  7.5000000000000000E-01
 -1.0000000000000000E+00  1.2246467991473532E-16  7.5000000000000000E-01
 -5.0000000000000000E-01  5.0000000000000000E-01  0.0000000000000000E+00
 -5.3033008588991060E-01  5.3033008588991060E-01  0.0000000000000000E+00
 -6.0355339059327373E-01  6.0355339059327373E-01  0.0000000000000000E+00
 -6.7677669529663687E-01  6.7677669529663687E-01  0.0000000000000000E+00
 -7.0710678118654746E-01  7.0710678118654757E-01  0.0000000000000000E+00
 -5.0000000000000000E-01  4.2677669529663687E-01  0.0000000000000000E+00
 -5.4153022151000463E-01  4.5526151616431848E-01  0.0000000000000000E+00
 -6.4179304552781702E-01  5.2402995702484390E-01  0.0000000000000000E+00
 -7.4205586954562930E-01  5.9279839788536914E-01  0.0000000000000000E+00
 -7.8358609105563426E-01  6.2128321875305104E-01  0.0000000000000000E+00
 -5.0000000000000000E-01  2.5000000000000000E-01  0.0000000000000000E+00
 -5.6207572033318609E-01  2.6943103879431413E-01  0.0000000000000000E+00
 -7.1193976625564326E-01  3.1634171618254486E-01  0.0000000000000000E+00
 -8.6180381217810065E-01  3.6325239357077577E-01  0.0000000000000000E+00
 -9.2387953251128674E-01  3.8268343236508995E-01  0.0000000000000000E+00
 -5.0000000000000000E-01  7.3223304703363135E-02  0.0000000000000000E+00
 -5.7225567566775837E-01  7.9307012729959658E-02  0.0000000000000000E+00
 -7.4669630782329288E-01  9.3994383157287115E-02  0.0000000000000000E+00
 -9.2113693997882740E-01  1.0868175358461456E-01  0.0000000000000000E+00
 -9.9339261564658599E-01  1.1476546161121109E-01  0.0000000000000000E+00
 -5.0000000000000000E-01  0.0000000000000000E+00  0.0000000000000000E+00
 -5.7322330470336302E-01  1.7934537145592993E-17  0.0000000000000000E+00
 -7.5000000000000000E-01  6.1232339957367648E-17  0.0000000000000000E+00
 -9.2677669529663687E-01  1.0453014276914232E-16  0.0000000000000000E+00
 -1.0000000000000000E+00  1.2246467991473532E-16  0.0000000000000000E+00
 -7.0710678118654746E-01  7.0710678118654757E-01  0.0000000000000000E+00
 -7.8358609105563426E-01  6.2128321875305104E-01  0.0000000000000000E+00
 -9.2387953251128674E-01  3.8268343236508995E-01  0.0000000000000000E+00
 -9.9339261564658599E-01  1.1476546161121109E-01  0.0000000000000000E+00
 -1.0000000000000000E+00  1.2246467991473532E-16  0.0000000000000000E+00
 -7.0710678118654746E-01  7.0710678118654757E-01  1.0983495705504466E-01
 -7.8358609105563426E-01  6.2128321875305104E-01  1.0983495705504466E-01
 -9.2387953251128674E-01  3.8268343236508995E-01  1.0983495705504466E-01
 -9.9339261564658599E-01  1.1476546161121109E-01  1.0983495705504466E-01
 -1.0000000000000000E+00  1.2246467991473532E-16  1.0983495705504466E-01
 -7.0710678118654746E-01  7.0710678118654757E-01  3.7499999999999994E-01
 -7.8358609105563426E-01  6.2128321875305104E-01  3.7499999999999994E-01
 -9.2387953251128674E-01  3.8268343236508995E-01  3.7499999999999994E-01
 -9.9339261564658599E-01  1.1476546161121109E-01  3.7499999999999994E-01
 -1.0000000000000000E+00  1.2246467991473532E-16  3.7499999999999994E-01
 -7.0710678118654746E-01  7.0710678118654757E-01  6.4016504294495524E-01
 -7.8358609105563426E-01  6.2128321875305104E-01  6.4016504294495524E-01
 -9.2387953251128674E-01  3.8268343236508995E-01  6.4016504294495524E-01
 -9.9339261564658599E-01  1.1476546161121109E-01  6.4016504294495524E-01
 -1.0000000000000000E+00  1.2246467991473532E-16  6.4016504294495524E-01
 -7.0710678118654746E-01  7.0710678118654757E-01  7.5000000000000000E-01
 -7.8358609105563426E-01  6.2128321875305104E-01  7.5000000000000000E-01
 -9.2387953251128674E-01  3.8268343236508995E-01  7.5000000000000000E-01
 -9.9339261564658599E-01  1.1476546161121109E-01  7.5000000000000000E-01
 -1.0000000000000000E+00  1.2246467991473532E-16  7.5000000000000000E-01
 -5.0000000000000000E-01  5.0000000000000000E-01  7.5000000000000000E-01
 -5.3033008588991060E-01  5.3033008588991060E-01  7.5000000000000000E-01
 -6.0355339059327373E-01  6.0355339059327373E-01  7.5000000000000000E-01
 -6.7677669529663687E-01  6.7677669529663687E-01  7.5000000000000000E-01
 -7.0710678118654746E-01  7.0710678118654757E-01  7.5000000000000000E-01
 -5.0000000000000000E-01  4.2677669529663687E-01  7.5000000000000000E-01
 -5.4153022151000463E-01  4.5526151616431848E-01  7.5000000000000000E-01
 -6.4179304552781702E-01  5.2402995702484390E-01  7.5000000000000000E-01
 -7.4205586954562930E-01  5.9279839788536914E-01  7.5000000000000000E-01
 -7.8358609105563426E-01  6.2128321875305104E-01  7.5000000000000000E-01
 -5.0000000000000000E-01  2.5000000000000000E-01  7.5000000000000000E-01
 -5.6207572033318609E-01  2.6943103879431413E-01  7.5000000000000000E-01
 -7.1193976625564326E-01  3.1634171618254486E-01  7.5000000000000000E-01
 -8.6180381217810065E-01  3.6325239357077577E-01  7.5000000000000000E-01
 -9.2387953251128674E-01  3.8268343236508995E-01  7.5000000000000000E-01
 -5.0000000000000000E-01  7.3223304703363135E-02  7.5000000000000000E-01
 -5.7225567566775837E-01  7.9307012729959658E-02  7.5000000000000000E-01
 -7.4669630782329288E-01  9.3994383157287115E-02  7.5000000000000000E-01
 -9.2113693997882740E-01  1.0868175358461456E-01  7.5000000000000000E-01
 -9.9339261564658599E-01  1.1476546161121109E-01  7.5000000000000000E-01
 -5.0000000000000000E-01  0.0000000000000000E+00  7.5000000000000000E-01
 -5.7322330470336302E-01  1.7934537145592993E-17  7.5000000000000000E-01
 -7.5000000000000000E-01  6.1232339957367648E-17  7.5000000000000000E-01
 -9.2677669529663687E-01  1.0453014276914232E-16  7.5000000000000000E-01
 -1.0000000000000000E+00  1.2246467991473532E-16  7.5000000000000000E-01
 -5.0000000000000000E-01  5.0000000000000000E-01  0.0000000000000000E+00
 -5.0000000000000000E-01  4.2677669529663687E-01  0.0000000000000000E+00
 -5.0000000000000000E-01  2.5000000000000000E-01  0.0000000000000000E+00
 -5.0000000000000000E-01  7.3223304703363135E-02  0.0000000000000000E+00
 -5.0000000000000000E-01  0.0000000000000000E+00  0.0000000000000000E+00
 -5.0000000000000000E-01  5.0000000000000000E-01  1.0983495705504466E-01
 -5.0000000000000000E-01  4.2677669529663687E-01  1.0983495705504466E-01
 -5.0000000000000000E-01  2.5000000000000000E-01  1.0983495705504466E-01
 -5.0000000000000000E-01  7.3223304703363135E-02  1.0983495705504466E-01
 -5.0000000000000000E-01  0.0000000000000000E+00  1.0983495705504466E-01
 -5.0000000000000000E-01  5.0000000000000000E-01  3.7499999999999994E-01
 -5.0000000000000000E-01  4.2677669529663687E-01  3.7499999999999994E-01
 -5.0000000000000000E-01  2.5000000000000000E-01  3.7499999999999994E-01
 -5.0000000000000000E-01  7.3223304703363135E-02  3.7499999999999994E-01
 -5.0000000000000000E-01  0.0000000000000000E+00  3.7499999999999994E-01
 -5.0000000000000000E-01  5.0000000000000000E-01  6.4016504294495524E-01
 -5.0000000000000000E-01  4.2677669529663687E-01  6.4016504294495524E-01
 -5.0000000000000000E-01  2.5000000000000000E-01  6.4016504294495524E-01
 -5.0000000000000000E-01  7.3223304703363135E-02  6.4016504294495524E-01
 -5.0000000000000000E-01  0.0000000000000000E+00  6.4016504294495524E-01
 -5.0000000000000000E-01  5.0000000000000000E-01  7.5000000000000000E-01
 -5.0000000000000000E-01  4.2677669529663687E-01  7.5000000000000000E-01
 -5.0000000000000000E-01  2.5000000000000000E-01  7.5000000000000000E-01
 -5.0000000000000000E-01  7.3223304703363135E-02  7.5000000000000000E-01
 -5.0000000000000000E-01  0.0000000000000000E+00  7.5000000000000000E-01
 --- --- bottom cylinder --- ---
 4 14 15 1 21 31 32 18 Insulator
 1 1 1 1 1 1
 -5.0000000000000000E-01  0.0000000000000000E+00  0.0000000000000000E+00
 -5.7322330470336302E-01  1.7934537145592993E-17  0.0000000000000000E+00
 -7.5000000000000000E-01  6.1232339957367648E-17  0.0000000000000000E+00
 -9.2677669529663687E-01  1.0453014276914232E-16  0.0000000000000000E+00
 -1.0000000000000000E+00  1.2246467991473532E-16  0.0000000000000000E+00
 -5.0000000000000000E-01  0.0000000000000000E+00  1.0983495705504466E-01
 -5.7322330470336302E-01  1.7934537145592993E-17  1.0983495705504466E-01
 -7.5000000000000000E-01  6.1232339957367648E-17  1.0983495705504466E-01
 -9.2677669529663687E-01  1.0453014276914232E-16  1.0983495705504466E-01
 -1.0000000000000000E+00  1.2246467991473532E-16  1.0983495705504466E-01
 -5.0000000000000000E-01  0.0000000000000000E+00  3.7499999999999994E-01
 -5.7322330470336302E-01  1.7934537145592993E-17  3.7499999999999994E-01
 -7.5000000000000000E-01  6.1232339957367648E-17  3.7499999999999994E-01
 -9.2677669529663687E-01  1.0453014276914232E-16  3.7499999999999994E-01
 -1.0000000000000000E+00  1.2246467991473532E-16  3.7499999999999994E-01
 -5.0000000000000000E-01  0.0000000000000000E+00  6.4016504294495524E-01
 -5.7322330470336302E-01  1.7934537145592993E-17  6.4016504294495524E-01
 -7.5000000000000000E-01  6.1232339957367648E-17  6.4016504294495524E-01
 -9.2677669529663687E-01  1.0453014276914232E-16  6.4016504294495524E-01
 -1.0000000000000000E+00  1.2246467991473532E-16  6.4016504294495524E-01
 -5.0000000000000000E-01  0.0000000000000000E+00  7.5000000000000000E-01
 -5.7322330470336302E-01  1.7934537145592993E-17  7.5000000000000000E-01
 -7.5000000000000000E-01  6.1232339957367648E-17  7.5000000000000000E-01
 -9.2677669529663687E-01  1.0453014276914232E-16  7.5000000000000000E-01
 -1.0000000000000000E+00  1.2246467991473532E-16  7.5000000000000000E-01
 -5.0000000000000000E-01 -5.0000000000000000E-01  0.0000000000000000E+00
 -5.3033008588991060E-01 -5.3033008588991060E-01  0.0000000000000000E+00
 -6.0355339059327373E-01 -6.0355339059327373E-01  0.0000000000000000E+00
 -6.7677669529663698E-01 -6.7677669529663687E-01  0.0000000000000000E+00
 -7.0710678118654768E-01 -7.0710678118654746E-01  0.0000000000000000E+00
 -5.0000000000000000E-01 -5.0000000000000000E-01  1.0983495705504466E-01
 -5.3033008588991060E-01 -5.3033008588991060E-01  1.0983495705504466E-01
 -6.0355339059327373E-01 -6.0355339059327373E-01  1.0983495705504466E-01
 -6.7677669529663698E-01 -6.7677669529663687E-01  1.0983495705504466E-01
 -7.0710678118654768E-01 -7.0710678118654746E-01  1.0983495705504466E-01
 -5.0000000000000000E-01 -5.0000000000000000E-01  3.7499999999999994E-01
 -5.3033008588991060E-01 -5.3033008588991060E-01  3.7499999999999994E-01
 -6.0355339059327373E-01 -6.0355339059327373E-01  3.7499999999999994E-01
 -6.7677669529663698E-01 -6.7677669529663687E-01  3.7499999999999994E-01
 -7.0710678118654768E-01 -7.0710678118654746E-01  3.7499999999999994E-01
 -5.0000000000000000E-01 -5.0000000000000000E-01  6.4016504294495524E-01
 -5.3033008588991060E-01 -5.3033008588991060E-01  6.4016504294495524E-01
 -6.0355339059327373E-01 -6.0355339059327373E-01  6.4016504294495524E-01
 -6.7677669529663698E-01 -6.7677669529663687E-01  6.4016504294495524E-01
 -7.0710678118654768E-01 -7.0710678118654746E-01  6.4016504294495524E-01
 -5.0000000000000000E-01 -5.0000000000000000E-01  7.5000000000000000E-01
 -5.3033008588991060E-01 -5.3033008588991060E-01  7.5000000000000000E-01
 -6.0355339059327373E-01 -6.0355339059327373E-01  7.5000000000000000E-01
 -6.7677669529663698E-01 -6.7677669529663687E-01  7.5000000000000000E-01
 -7.0710678118654768E-01 -7.0710678118654746E-01  7.5000000000000000E-01
 -5.0000000000000000E-01  0.0000000000000000E+00  0.0000000000000000E+00
 -5.7322330470336302E-01  1.7934537145592993E-17  0.0000000000000000E+00
 -7.5000000000000000E-01  6.1232339957367648E-17  0.0000000000000000E+00
 -9.2677669529663687E-01  1.0453014276914232E-16  0.0000000000000000E+00
 -1.0000000000000000E+00  1.2246467991473532E-16  0.0000000000000000E+00
 -5.0000000000000000E-01 -7.3223304703363107E-02  0.0000000000000000E+00
 -5.7225567566775837E-01 -7.9307012729959617E-02  0.0000000000000000E+00
 -7.4669630782329299E-01 -9.3994383157287004E-02  0.0000000000000000E+00
 -9.2113693997882728E-01 -1.0868175358461435E-01  0.0000000000000000E+00
 -9.9339261564658599E-01 -1.1476546161121087E-01  0.0000000000000000E+00
 -5.0000000000000000E-01 -2.4999999999999997E-01  0.0000000000000000E+00
 -5.6207572033318609E-01 -2.6943103879431396E-01  0.0000000000000000E+00
 -7.1193976625564315E-01 -3.1634171618254475E-01  0.0000000000000000E+00
 -8.6180381217810054E-01 -3.6325239357077560E-01  0.0000000000000000E+00
 -9.2387953251128674E-01 -3.8268343236508973E-01  0.0000000000000000E+00
 -5.0000000000000000E-01 -4.2677669529663687E-01  0.0000000000000000E+00
 -5.4153022151000485E-01 -4.5526151616431848E-01  0.0000000000000000E+00
 -6.4179304552781713E-01 -5.2402995702484390E-01  0.0000000000000000E+00
 -7.4205586954562952E-01 -5.9279839788536925E-01  0.0000000000000000E+00
 -7.8358609105563437E-01 -6.2128321875305081E-01  0.0000000000000000E+00
 -5.0000000000000000E-01 -5.0000000000000000E-01  0.0000000000000000E+00
 -5.3033008588991060E-01 -5.3033008588991060E-01  0.0000000000000000E+00
 -6.0355339059327373E-01 -6.0355339059327373E-01  0.0000000000000000E+00
 -6.7677669529663698E-01 -6.7677669529663687E-01  0.0000000000000000E+00
 -7.0710678118654768E-01 -7.0710678118654746E-01  0.0000000000000000E+00
 -1.0000000000000000E+00  1.2246467991473532E-16  0.0000000000000000E+00
 -9.9339261564658599E-01 -1.1476546161121087E-01  0.0000000000000000E+00
 -9.2387953251128674E-01 -3.8268343236508973E-01  0.0000000000000000E+00
 -7.8358609105563437E-01 -6.2128321875305081E-01  0.0000000000000000E+00
 -7.0710678118654768E-01 -7.0710678118654746E-01  0.0000000000000000E+00
 -1.0000000000000000E+00  1.2246467991473532E-16  1.0983495705504466E-01
 -9.9339261564658599E-01 -1.1476546161121087E-01  1.0983495705504466E-01
 -9.2387953251128674E-01 -3.8268343236508973E-01  1.0983495705504466E-01
 -7.8358609105563437E-01 -6.2128321875305081E-01  1.0983495705504466E-01
 -7.0710678118654768E-01 -7.0710678118654746E-01  1.0983495705504466E-01
 -1.0000000000000000E+00  1.2246467991473532E-16  3.7499999999999994E-01
 -9.9339261564658599E-01 -1.1476546161121087E-01  3.7499999999999994E-01
 -9.2387953251128674E-01 -3.8268343236508973E-01  3.7499999999999994E-01
 -7.8358609105563437E-01 -6.2128321875305081E-01  3.7499999999999994E-01
 -7.0710678118654768E-01 -7.0710678118654746E-01  3.7499999999999994E-01
 -1.0000000000000000E+00  1.2246467991473532E-16  6.4016504294495524E-01
 -9.9339261564658599E-01 -1.1476546161121087E-01  6.4016504294495524E-01
 -9.2387953251128674E-01 -3.8268343236508973E-01  6.4016504294495524E-01
 -7.8358609105563437E-01 -6.2128321875305081E-01  6.4016504294495524E-01
 -7.0710678118654768E-01 -7.0710678118654746E-01  6.4016504294495524E-01
 -1.0000000000000000E+00  1.2246467991473532E-16  7.5000000000000000E-01
 -9.9339261564658599E-01 -1.1476546161121087E-01  7.5000000000000000E-01
 -9.2387953251128674E-01 -3.8268343236508973E-01  7.5000000000000000E-01
 -7.8358609105563437E-01 -6.2128321875305081E-01  7.5000000000000000E-01
 -7.0710678118654768E-01 -7.0710678118654746E-01  7.5000000000000000E-01
 -5.0000000000000000E-01  0.0000000000000000E+00  7.5000000000000000E-01
 -5.7322330470336302E-01  1.7934537145592993E-17  7.5000000000000000E-01
 -7.5000000000000000E-01  6.1232339957367648E-17  7.5000000000000000E-01
 -9.2677669529663687E-01  1.0453014276914232E-16  7.5000000000000000E-01
 -1.0000000000000000E+00  1.2246467991473532E-16  7.5000000000000000E-01
 -5.0000000000000000E-01 -7.3223304703363107E-02  7.5000000000000000E-01
 -5.7225567566775837E-01 -7.9307012729959617E-02  7.5000000000000000E-01
 -7.4669630782329299E-01 -9.3994383157287004E-02  7.5000000000000000E-01
 -9.2113693997882728E-01 -1.0868175358461435E-01  7.5000000000000000E-01
 -9.9339261564658599E-01 -1.1476546161121087E-01  7.5000000000000000E-01
 -5.0000000000000000E-01 -2.4999999999999997E-01  7.5000000000000000E-01
 -5.6207572033318609E-01 -2.6943103879431396E-01  7.5000000000000000E-01
 -7.1193976625564315E-01 -3.1634171618254475E-01  7.5000000000000000E-01
 -8.6180381217810054E-01 -3.6325239357077560E-01  7.5000000000000000E-01
 -9.2387953251128674E-01 -3.8268343236508973E-01  7.5000000000000000E-01
 -5.0000000000000000E-01 -4.2677669529663687E-01  7.5000000000000000E-01
 -5.4153022151000485E-01 -4.5526151616431848E-01  7.5000000000000000E-01
 -6.4179304552781713E-01 -5.2402995702484390E-01  7.5000000000000000E-01
 -7.4205586954562952E-01 -5.9279839788536925E-01  7.5000000000000000E-01
 -7.8358609105563437E-01 -6.2128321875305081E-01  7.5000000000000000E-01
 -5.0000000000000000E-01 -5.0000000000000000E-01  7.5000000000000000E-01
 -5.3033008588991060E-01 -5.3033008588991060E-01  7.5000000000000000E-01
 -6.0355339059327373E-01 -6.0355339059327373E-01  7.5000000000000000E-01
 -6.7677669529663698E-01 -6.7677669529663687E-01  7.5000000000000000E-01
 -7.0710678118654768E-01 -7.0710678118654746E-01  7.5000000000000000E-01
 -5.0000000000000000E-01  0.0000000000000000E+00  0.0000000000000000E+00
 -5.0000000000000000E-01 -7.3223304703363107E-02  0.0000000000000000E+00
 -5.0000000000000000E-01 -2.4999999999999997E-01  0.0000000000000000E+00
 -5.0000000000000000E-01 -4.2677669529663687E-01  0.0000000000000000E+00
 -5.0000000000000000E-01 -5.0000000000000000E-01  0.0000000000000000E+00
 -5.0000000000000000E-01  0.0000000000000000E+00  1.0983495705504466E-01
 -5.0000000000000000E-01 -7.3223304703363107E-02  1.0983495705504466E-01
 -5.0000000000000000E-01 -2.4999999999999997E-01  1.0983495705504466E-01
 -5.0000000000000000E-01 -4.2677669529663687E-01  1.0983495705504466E-01
 -5.0000000000000000E-01 -5.0000000000000000E-01  1.0983495705504466E-01
 -5.0000000000000000E-01  0.0000000000000000E+00  3.7499999999999994E-01
 -5.0000000000000000E-01 -7.3223304703363107E-02  3.7499999999999994E-01
 -5.0000000000000000E-01 -2.4999999999999997E-01  3.7499999999999994E-01
 -5.0000000000000000E-01 -4.2677669529663687E-01  3.7499999999999994E-01
 -5.0000000000000000E-01 -5.0000000000000000E-01  3.7499999999999994E-01
 -5.0000000000000000E-01  0.0000000000000000E+00  6.4016504294495524E-01
 -5.0000000000000000E-01 -7.3223304703363107E-02  6.4016504294495524E-01
 -5.0000000000000000E-01 -2.4999999999999997E-01  6.4016504294495524E-01
 -5.0000000000000000E-01 -4.2677669529663687E-01  6.4016504294495524E-01
 -5.0000000000000000E-01 -5.0000000000000000E-01  6.4016504294495524E-01
 -5.0000000000000000E-01  0.0000000000000000E+00  7.5000000000000000E-01
 -5.0000000000000000E-01 -7.3223304703363107E-02  7.5000000000000000E-01
 -5.0000000000000000E-01 -2.4999999999999997E-01  7.5000000000000000E-01
 -5.0000000000000000E-01 -4.2677669529663687E-01  7.5000000000000000E-01
 -5.0000000000000000E-01 -5.0000000000000000E-01  7.5000000000000000E-01
 --- --- bottom cylinder --- ---
 1 15 16 2 18 32 33 19 Insulator
 1 1 1 1 1 1
 -5.0000000000000000E-01 -5.0000000000000000E-01  0.0000000000000000E+00
 -5.3033008588991060E-01 -5.3033008588991060E-01  0.0000000000000000E+00
 -6.0355339059327373E-01 -6.0355339059327373E-01  0.0000000000000000E+00
 -6.7677669529663698E-01 -6.7677669529663687E-01  0.0000000000000000E+00
 -7.0710678118654768E-01 -7.0710678118654746E-01  0.0000000000000000E+00
 -5.0000000000000000E-01 -5.0000000000000000E-01  1.0983495705504466E-01
 -5.3033008588991060E-01 -5.3033008588991060E-01  1.0983495705504466E-01
 -6.0355339059327373E-01 -6.0355339059327373E-01  1.0983495705504466E-01
 -6.7677669529663698E-01 -6.7677669529663687E-01  1.0983495705504466E-01
 -7.0710678118654768E-01 -7.0710678118654746E-01  1.0983495705504466E-01
 -5.0000000000000000E-01 -5.0000000000000000E-01  3.7499999999999994E-01
 -5.3033008588991060E-01 -5.3033008588991060E-01  3.7499999999999994E-01
 -6.0355339059327373E-01 -6.0355339059327373E-01  3.7499999999999994E-01
 -6.7677669529663698E-01 -6.7677669529663687E-01  3.7499999999999994E-01
 -7.0710678118654768E-01 -7.0710678118654746E-01  3.7499999999999994E-01
 -5.0000000000000000E-01 -5.0000000000000000E-01  6.4016504294495524E-01
 -5.3033008588991060E-01 -5.3033008588991060E-01  6.4016504294495524E-01
 -6.0355339059327373E-01 -6.0355339059327373E-01  6.4016504294495524E-01
 -6.7677669529663698E-01 -6.7677669529663687E-01  6.4016504294495524E-01
 -7.0710678118654768E-01 -7.0710678118654746E-01  6.4016504294495524E-01
 -5.0000000000000000E-01 -5.0000000000000000E-01  7.5000000000000000E-01
 -5.3033008588991060E-01 -5.3033008588991060E-01  7.5000000000000000E-01
 -6.0355339059327373E-01 -6.0355339059327373E-01  7.5000000000000000E-01
 -6.7677669529663698E-01 -6.7677669529663687E-01  7.5000000000000000E-01
 -7.0710678118654768E-01 -7.0710678118654746E-01  7.5000000000000000E-01
  0.0000000000000000E+00 -5.0000000000000000E-01  0.0000000000000000E+00
 -2.6901805718389488E-17 -5.7322330470336302E-01  0.0000000000000000E+00
 -9.1848509936051472E-17 -7.5000000000000000E-01  0.0000000000000000E+00
 -1.5679521415371347E-16 -9.2677669529663687E-01  0.0000000000000000E+00
 -1.8369701987210297E-16 -1.0000000000000000E+00  0.0000000000000000E+00
  0.0000000000000000E+00 -5.0000000000000000E-01  1.0983495705504466E-01
 -2.6901805718389488E-17 -5.7322330470336302E-01  1.0983495705504466E-01
 -9.1848509936051472E-17 -7.5000000000000000E-01  1.0983495705504466E-01
 -1.5679521415371347E-16 -9.2677669529663687E-01  1.0983495705504466E-01
 -1.8369701987210297E-16 -1.0000000000000000E+00  1.0983495705504466E-01
  0.0000000000000000E+00 -5.0000000000000000E-01  3.7499999999999994E-01
 -2.6901805718389488E-17 -5.7322330470336302E-01  3.7499999999999994E-01
 -9.1848509936051472E-17 -7.5000000000000000E-01  3.7499999999999994E-01
 -1.5679521415371347E-16 -9.2677669529663687E-01  3.7499999999999994E-01
 -1.8369701987210297E-16 -1.0000000000000000E+00  3.7499999999999994E-01
  0.0000000000000000E+00 -5.0000000000000000E-01  6.4016504294495524E-01
 -2.6901805718389488E-17 -5.7322330470336302E-01  6.4016504294495524E-01
 -9.1848509936051472E-17 -7.5000000000000000E-01  6.4016504294495524E-01
 -1.5679521415371347E-16 -9.2677669529663687E-01  6.4016504294495524E-01
 -1.8369701987210297E-16 -1.0000000000000000E+00  6.4016504294495524E-01
  0.0000000000000000E+00 -5.0000000000000000E-01  7.5000000000000000E-01
 -2.6901805718389488E-17 -5.7322330470336302E-01  7.5000000000000000E-01
 -9.1848509936051472E-17 -7.5000000000000000E-01  7.5000000000000000E-01
 -1.5679521415371347E-16 -9.2677669529663687E-01  7.5000000000000000E-01
 -1.8369701987210297E-16 -1.0000000000000000E+00  7.5000000000000000E-01
 -5.0000000000000000E-01 -5.0000000000000000E-01  0.0000000000000000E+00
 -5.3033008588991060E-01 -5.3033008588991060E-01  0.0000000000000000E+00
 -6.0355339059327373E-01 -6.0355339059327373E-01  0.0000000000000000E+00
 -6.7677669529663698E-01 -6.7677669529663687E-01  0.0000000000000000E+00
 -7.0710678118654768E-01 -7.0710678118654746E-01  0.0000000000000000E+00
 -4.2677669529663687E-01 -5.0000000000000000E-01  0.0000000000000000E+00
 -4.5526151616431848E-01 -5.4153022151000463E-01  0.0000000000000000E+00
 -5.2402995702484378E-01 -6.4179304552781702E-01  0.0000000000000000E+00
 -5.9279839788536903E-01 -7.4205586954562930E-01  0.0000000000000000E+00
 -6.2128321875305093E-01 -7.8358609105563426E-01  0.0000000000000000E+00
 -2.5000000000000000E-01 -5.0000000000000000E-01  0.0000000000000000E+00
 -2.6943103879431413E-01 -5.6207572033318609E-01  0.0000000000000000E+00
 -3.1634171618254509E-01 -7.1193976625564326E-01  0.0000000000000000E+00
 -3.6325239357077616E-01 -8.6180381217810043E-01  0.0000000000000000E+00
 -3.8268343236509028E-01 -9.2387953251128652E-01  0.0000000000000000E+00
 -7.3223304703363135E-02 -5.0000000000000000E-01  0.0000000000000000E+00
 -7.9307012729959644E-02 -5.7225567566775837E-01  0.0000000000000000E+00
 -9.3994383157287142E-02 -7.4669630782329288E-01  0.0000000000000000E+00
 -1.0868175358461460E-01 -9.2113693997882740E-01  0.0000000000000000E+00
 -1.1476546161121116E-01 -9.9339261564658599E-01  0.0000000000000000E+00
  0.0000000000000000E+00 -5.0000000000000000E-01  0.0000000000000000E+00
 -2.6901805718389488E-17 -5.7322330470336302E-01  0.0000000000000000E+00
 -9.1848509936051472E-17 -7.5000000000000000E-01  0.0000000000000000E+00
 -1.5679521415371347E-16 -9.2677669529663687E-01  0.0000000000000000E+00
 -1.8369701987210297E-16 -1.0000000000000000E+00  0.0000000000000000E+00
 -7.0710678118654768E-01 -7.0710678118654746E-01  0.0000000000000000E+00
 -6.2128321875305093E-01 -7.8358609105563426E-01  0.0000000000000000E+00
 -3.8268343236509028E-01 -9.2387953251128652E-01  0.0000000000000000E+00
 -1.1476546161121116E-01 -9.9339261564658599E-01  0.0000000000000000E+00
 -1.8369701987210297E-16 -1.0000000000000000E+00  0.0000000000000000E+00
 -7.0710678118654768E-01 -7.0710678118654746E-01  1.0983495705504466E-01
 -6.2128321875305093E-01 -7.8358609105563426E-01  1.0983495705504466E-01
 -3.8268343236509028E-01 -9.2387953251128652E-01  1.0983495705504466E-01
 -1.1476546161121116E-01 -9.9339261564658599E-01  1.0983495705504466E-01
 -1.8369701987210297E-16 -1.0000000000000000E+00  1.0983495705504466E-01
 -7.0710678118654768E-01 -7.0710678118654746E-01  3.7499999999999994E-01
 -6.2128321875305093E-01 -7.8358609105563426E-01  3.7499999999999994E-01
 -3.8268343236509028E-01 -9.2387953251128652E-01  3.7499999999999994E-01
 -1.1476546161121116E-01 -9.9339261564658599E-01  3.7499999999999994E-01
 -1.8369701987210297E-16 -1.0000000000000000E+00  3.7499999999999994E-01
 -7.0710678118654768E-01 -7.0710678118654746E-01  6.4016504294495524E-01
 -6.2128321875305093E-01 -7.8358609105563426E-01  6.4016504294495524E-01
 -3.8268343236509028E-01 -9.2387953251128652E-01  6.4016504294495524E-01
 -1.1476546161121116E-01 -9.9339261564658599E-01  6.4016504294495524E-01
 -1.8369701987210297E-16 -1.0000000000000000E+00  6.4016504294495524E-01
 -7.0710678118654768E-01 -7.0710678118654746E-01  7.5000000000000000E-01
 -6.2128321875305093E-01 -7.8358609105563426E-01  7.5000000000000000E-01
 -3.8268343236509028E-01 -9.2387953251128652E-01  7.5000000000000000E-01
 -1.1476546161121116E-01 -9.9339261564658599E-01  7.5000000000000000E-01
 -1.8369701987210297E-16 -1.0000000000000000E+00  7.5000000000000000E-01
 -5.0000000000000000E-01 -5.0000000000000000E-01  7.5000000000000000E-01
 -5.3033008588991060E-01 -5.3033008588991060E-01  7.5000000000000000E-01
 -6.0355339059327373E-01 -6.0355339059327373E-01  7.5000000000000000E-01
 -6.7677669529663698E-01 -6.7677669529663687E-01  7.5000000000000000E-01
 -7.0710678118654768E-01 -7.0710678118654746E-01  7.5000000000000000E-01
 -4.2677669529663687E-01 -5.0000000000000000E-01  7.5000000000000000E-01
 -4.5526151616431848E-01 -5.4153022151000463E-01  7.5000000000000000E-01
 -5.2402995702484378E-01 -6.4179304552781702E-01  7.5000000000000000E-01
 -5.9279839788536903E-01 -7.4205586954562930E-01  7.5000000000000000E-01
 -6.2128321875305093E-01 -7.8358609105563426E-01  7.5000000000000000E-01
 -2.5000000000000000E-01 -5.0000000000000000E-01  7.5000000000000000E-01
 -2.6943103879431413E-01 -5.6207572033318609E-01  7.5000000000000000E-01
 -3.1634171618254509E-01 -7.1193976625564326E-01  7.5000000000000000E-01
 -3.6325239357077616E-01 -8.6180381217810043E-01  7.5000000000000000E-01
 -3.8268343236509028E-01 -9.2387953251128652E-01  7.5000000000000000E-01
 -7.3223304703363135E-02 -5.0000000000000000E-01  7.5000000000000000E-01
 -7.9307012729959644E-02 -5.7225567566775837E-01  7.5000000000000000E-01
 -9.3994383157287142E-02 -7.4669630782329288E-01  7.5000000000000000E-01
 -1.0868175358461460E-01 -9.2113693997882740E-01  7.5000000000000000E-01
 -1.1476546161121116E-01 -9.9339261564658599E-01  7.5000000000000000E-01
  0.0000000000000000E+00 -5.0000000000000000E-01  7.5000000000000000E-01
 -2.6901805718389488E-17 -5.7322330470336302E-01  7.5000000000000000E-01
 -9.1848509936051472E-17 -7.5000000000000000E-01  7.5000000000000000E-01
 -1.5679521415371347E-16 -9.2677669529663687E-01  7.5000000000000000E-01
 -1.8369701987210297E-16 -1.0000000000000000E+00  7.5000000000000000E-01
 -5.0000000000000000E-01 -5.0000000000000000E-01  0.0000000000000000E+00
 -4.2677669529663687E-01 -5.0000000000000000E-01  0.0000000000000000E+00
 -2.5000000000000000E-01 -5.0000000000000000E-01  0.0000000000000000E+00
 -7.3223304703363135E-02 -5.0000000000000000E-01  0.0000000000000000E+00
  0.0000000000000000E+00 -5.0000000000000000E-01  0.0000000000000000E+00
 -5.0000000000000000E-01 -5.0000000000000000E-01  1.0983495705504466E-01
 -4.2677669529663687E-01 -5.0000000000000000E-01  1.0983495705504466E-01
 -2.5000000000000000E-01 -5.0000000000000000E-01  1.0983495705504466E-01
 -7.3223304703363135E-02 -5.0000000000000000E-01  1.0983495705504466E-01
  0.0000000000000000E+00 -5.0000000000000000E-01  1.0983495705504466E-01
 -5.0000000000000000E-01 -5.0000000000000000E-01  3.7499999999999994E-01
 -4.2677669529663687E-01 -5.0000000000000000E-01  3.7499999999999994E-01
 -2.5000000000000000E-01 -5.0000000000000000E-01  3.7499999999999994E-01
 -7.3223304703363135E-02 -5.0000000000000000E-01  3.7499999999999994E-01
  0.0000000000000000E+00 -5.0000000000000000E-01  3.7499999999999994E-01
 -5.0000000000000000E-01 -5.0000000000000000E-01  6.4016504294495524E-01
 -4.2677669529663687E-01 -5.0000000000000000E-01  6.4016504294495524E-01
 -2.5000000000000000E-01 -5.0000000000000000E-01  6.4016504294495524E-01
 -7.3223304703363135E-02 -5.0000000000000000E-01  6.4016504294495524E-01
  0.0000000000000000E+00 -5.0000000000000000E-01  6.4016504294495524E-01
 -5.0000000000000000E-01 -5.0000000000000000E-01  7.5000000000000000E-01
 -4.2677669529663687E-01 -5.0000000000000000E-01  7.5000000000000000E-01
 -2.5000000000000000E-01 -5.0000000000000000E-01  7.5000000000000000E-01
 -7.3223304703363135E-02 -5.0000000000000000E-01  7.5000000000000000E-01
  0.0000000000000000E+00 -5.0000000000000000E-01  7.5000000000000000E-01
 --- --- bottom cylinder --- ---
 2 16 17 3 19 33 34 20 Insulator
 1 1 1 1 1 1
  0.0000000000000000E+00 -5.0000000000000000E-01  0.0000000000000000E+00
 -2.6901805718389488E-17 -5.7322330470336302E-01  0.0000000000000000E+00
 -9.1848509936051472E-17 -7.5000000000000000E-01  0.0000000000000000E+00
 -1.5679521415371347E-16 -9.2677669529663687E-01  0.0000000000000000E+00
 -1.8369701987210297E-16 -1.0000000000000000E+00  0.0000000000000000E+00
  0.0000000000000000E+00 -5.0000000000000000E-01  1.0983495705504466E-01
 -2.6901805718389488E-17 -5.7322330470336302E-01  1.0983495705504466E-01
 -9.1848509936051472E-17 -7.5000000000000000E-01  1.0983495705504466E-01
 -1.5679521415371347E-16 -9.2677669529663687E-01  1.0983495705504466E-01
 -1.8369701987210297E-16 -1.0000000000000000E+00  1.0983495705504466E-01
  0.0000000000000000E+00 -5.0000000000000000E-01  3.7499999999999994E-01
 -2.6901805718389488E-17 -5.7322330470336302E-01  3.7499999999999994E-01
 -9.1848509936051472E-17 -7.5000000000000000E-01  3.7499999999999994E-01
 -1.5679521415371347E-16 -9.2677669529663687E-01  3.7499999999999994E-01
 -1.8369701987210297E-16 -1.0000000000000000E+00  3.7499999999999994E-01
  0.0000000000000000E+00 -5.0000000000000000E-01  6.4016504294495524E-01
 -2.6901805718389488E-17 -5.7322330470336302E-01  6.4016504294495524E-01
 -9.1848509936051472E-17 -7.5000000000000000E-01  6.4016504294495524E-01
 -1.5679521415371347E-16 -9.2677669529663687E-01  6.4016504294495524E-01
 -1.8369701987210297E-16 -1.0000000000000000E+00  6.4016504294495524E-01
  0.0000000000000000E+00 -5.0000000000000000E-01  7.5000000000000000E-01
 -2.6901805718389488E-17 -5.7322330470336302E-01  7.5000000000000000E-01
 -9.1848509936051472E-17 -7.5000000000000000E-01  7.5000000000000000E-01
 -1.5679521415371347E-16 -9.2677669529663687E-01  7.5000000000000000E-01
 -1.8369701987210297E-16 -1.0000000000000000E+00  7.5000000000000000E-01
  5.0000000000000000E-01 -5.0000000000000000E-01  0.0000000000000000E+00
  5.3033008588991060E-01 -5.3033008588991060E-01  0.0000000000000000E+00
  6.0355339059327362E-01 -6.0355339059327373E-01  0.0000000000000000E+00
  6.7677669529663675E-01 -6.7677669529663698E-01  0.0000000000000000E+00
  7.0710678118654735E-01 -7.0710678118654768E-01  0.0000000000000000E+00
  5.0000000000000000E-01 -5.0000000000000000E-01  1.0983495705504466E-01
  5.3033008588991060E-01 -5.3033008588991060E-01  1.0983495705504466E-01
  6.0355339059327362E-01 -6.0355339059327373E-01  1.0983495705504466E-01
  6.7677669529663675E-01 -6.7677669529663698E-01  1.0983495705504466E-01
  7.0710678118654735E-01 -7.0710678118654768E-01  1.0983495705504466E-01
  5.0000000000000000E-01 -5.0000000000000000E-01  3.7499999999999994E-01
  5.3033008588991060E-01 -5.3033008588991060E-01  3.7499999999999994E-01
  6.0355339059327362E-01 -6.0355339059327373E-01  3.7499999999999994E-01
  6.7677669529663675E-01 -6.7677669529663698E-01  3.7499999999999994E-01
  7.0710678118654735E-01 -7.0710678118654768E-01  3.7499999999999994E-01
  5.0000000000000000E-01 -5.0000000000000000E-01  6.4016504294495524E-01
  5.3033008588991060E-01 -5.3033008588991060E-01  6.4016504294495524E-01
  6.0355339059327362E-01 -6.0355339059327373E-01  6.4016504294495524E-01
  6.7677669529663675E-01 -6.7677669529663698E-01  6.4016504294495524E-01
  7.0710678118654735E-01 -7.0710678118654768E-01  6.4016504294495524E-01
  5.0000000000000000E-01 -5.0000000000000000E-01  7.5000000000000000E-01
  5.3033008588991060E-01 -5.3033008588991060E-01  7.5000000000000000E-01
  6.0355339059327362E-01 -6.0355339059327373E-01  7.5000000000000000E-01
  6.7677669529663675E-01 -6.7677669529663698E-01  7.5000000000000000E-01
  7.0710678118654735E-01 -7.0710678118654768E-01  7.5000000000000000E-01
  0.0000000000000000E+00 -5.0000000000000000E-01  0.0000000000000000E+00
 -2.6901805718389488E-17 -5.7322330470336302E-01  0.0000000000000000E+00
 -9.1848509936051472E-17 -7.5000000000000000E-01  0.0000000000000000E+00
 -1.5679521415371347E-16 -9.2677669529663687E-01  0.0000000000000000E+00
 -1.8369701987210297E-16 -1.0000000000000000E+00  0.0000000000000000E+00
  7.3223304703363107E-02 -5.0000000000000000E-01  0.0000000000000000E+00
  7.9307012729959603E-02 -5.7225567566775837E-01  0.0000000000000000E+00
  9.3994383157286948E-02 -7.4669630782329299E-01  0.0000000000000000E+00
  1.0868175358461431E-01 -9.2113693997882728E-01  0.0000000000000000E+00
  1.1476546161121082E-01 -9.9339261564658599E-01  0.0000000000000000E+00
  2.4999999999999997E-01 -5.0000000000000000E-01  0.0000000000000000E+00
  2.6943103879431396E-01 -5.6207572033318609E-01  0.0000000000000000E+00
  3.1634171618254447E-01 -7.1193976625564337E-01  0.0000000000000000E+00
  3.6325239357077521E-01 -8.6180381217810076E-01  0.0000000000000000E+00
  3.8268343236508917E-01 -9.2387953251128696E-01  0.0000000000000000E+00
  4.2677669529663687E-01 -5.0000000000000000E-01  0.0000000000000000E+00
  4.5526151616431854E-01 -5.4153022151000485E-01  0.0000000000000000E+00
  5.2402995702484345E-01 -6.4179304552781713E-01  0.0000000000000000E+00
  5.9279839788536914E-01 -7.4205586954562952E-01  0.0000000000000000E+00
  6.2128321875305070E-01 -7.8358609105563437E-01  0.0000000000000000E+00
  5.0000000000000000E-01 -5.0000000000000000E-01  0.0000000000000000E+00
  5.3033008588991060E-01 -5.3033008588991060E-01  0.0000000000000000E+00
  6.0355339059327362E-01 -6.0355339059327373E-01  0.0000000000000000E+00
  6.7677669529663675E-01 -6.7677669529663698E-01  0.0000000000000000E+00
  7.0710678118654735E-01 -7.0710678118654768E-01  0.0000000000000000E+00
 -1.8369701987210297E-16 -1.0000000000000000E+00  0.0000000000000000E+00
  1.1476546161121082E-01 -9.9339261564658599E-01  0.0000000000000000E+00
  3.8268343236508917E-01 -9.2387953251128696E-01  0.0000000000000000E+00
  6.2128321875305070E-01 -7.8358609105563437E-01  0.0000000000000000E+00
  7.0710678118654735E-01 -7.0710678118654768E-01  0.0000000000000000E+00
 -1.8369701987210297E-16 -1.0000000000000000E+00  1.0983495705504466E-01
  1.1476546161121082E-01 -9.9339261564658599E-01  1.0983495705504466E-01
  3.8268343236508917E-01 -9.2387953251128696E-01  1.0983495705504466E-01
  6.2128321875305070E-01 -7.8358609105563437E-01  1.0983495705504466E-01
  7.0710678118654735E-01 -7.0710678118654768E-01  1.0983495705504466E-01
 -1.8369701987210297E-16 -1.0000000000000000E+00  3.7499999999999994E-01
  1.1476546161121082E-01 -9.9339261564658599E-01  3.7499999999999994E-01
  3.8268343236508917E-01 -9.2387953251128696E-01  3.7499999999999994E-01
  6.2128321875305070E-01 -7.8358609105563437E-01  3.7499999999999994E-01
  7.0710678118654735E-01 -7.0710678118654768E-01  3.7499999999999994E-01
 -1.8369701987210297E-16 -1.0000000000000000E+00  6.4016504294495524E-01
  1.1476546161121082E-01 -9.9339261564658599E-01  6.4016504294495524E-01
  3.8268343236508917E-01 -9.2387953251128696E-01  6.4016504294495524E-01
  6.2128321875305070E-01 -7.8358609105563437E-01  6.4016504294495524E-01
  7.0710678118654735E-01 -7.0710678118654768E-01  6.4016504294495524E-01
 -1.8369701987210297E-16 -1.0000000000000000E+00  7.5000000000000000E-01
  1.1476546161121082E-01 -9.9339261564658599E-01  7.5000000000000000E-01
  3.8268343236508917E-01 -9.2387953251128696E-01  7.5000000000000000E-01
  6.2128321875305070E-01 -7.8358609105563437E-01  7.5000000000000000E-01
  7.0710678118654735E-01 -7.0710678118654768E-01  7.5000000000000000E-01
  0.0000000000000000E+00 -5.0000000000000000E-01  7.5000000000000000E-01
 -2.6901805718389488E-17 -5.7322330470336302E-01  7.5000000000000000E-01
 -9.1848509936051472E-17 -7.5000000000000000E-01  7.5000000000000000E-01
 -1.5679521415371347E-16 -9.2677669529663687E-01  7.5000000000000000E-01
 -1.8369701987210297E-16 -1.0000000000000000E+00  7.5000000000000000E-01
  7.3223304703363107E-02 -5.0000000000000000E-01  7.5000000000000000E-01
  7.9307012729959603E-02 -5.7225567566775837E-01  7.5000000000000000E-01
  9.3994383157286948E-02 -7.4669630782329299E-01  7.5000000000000000E-01
  1.0868175358461431E-01 -9.2113693997882728E-01  7.5000000000000000E-01
  1.1476546161121082E-01 -9.9339261564658599E-01  7.5000000000000000E-01
  2.4999999999999997E-01 -5.0000000000000000E-01  7.5000000000000000E-01
  2.6943103879431396E-01 -5.6207572033318609E-01  7.5000000000000000E-01
  3.1634171618254447E-01 -7.1193976625564337E-01  7.5000000000000000E-01
  3.6325239357077521E-01 -8.6180381217810076E-01  7.5000000000000000E-01
  3.8268343236508917E-01 -9.2387953251128696E-01  7.5000000000000000E-01
  4.2677669529663687E-01 -5.0000000000000000E-01  7.5000000000000000E-01
  4.5526151616431854E-01 -5.4153022151000485E-01  7.5000000000000000E-01
  5.2402995702484345E-01 -6.4179304552781713E-01  7.5000000000000000E-01
  5.9279839788536914E-01 -7.4205586954562952E-01  7.5000000000000000E-01
  6.2128321875305070E-01 -7.8358609105563437E-01  7.5000000000000000E-01
  5.0000000000000000E-01 -5.0000000000000000E-01  7.5000000000000000E-01
  5.3033008588991060E-01 -5.3033008588991060E-01  7.5000000000000000E-01
  6.0355339059327362E-01 -6.0355339059327373E-01  7.5000000000000000E-01
  6.7677669529663675E-01 -6.7677669529663698E-01  7.5000000000000000E-01
  7.0710678118654735E-01 -7.0710678118654768E-01  7.5000000000000000E-01
  0.0000000000000000E+00 -5.0000000000000000E-01  0.0000000000000000E+00
  7.3223304703363107E-02 -5.0000000000000000E-01  0.0000000000000000E+00
  2.4999999999999997E-01 -5.0000000000000000E-01  0.0000000000000000E+00
  4.2677669529663687E-01 -5.0000000000000000E-01  0.0000000000000000E+00
  5.0000000000000000E-01 -5.0000000000000000E-01  0.0000000000000000E+00
  0.0000000000000000E+00 -5.0000000000000000E-01  1.0983495705504466E-01
  7.3223304703363107E-02 -5.0000000000000000E-01  1.0983495705504466E-01
  2.4999999999999997E-01 -5.0000000000000000E-01  1.0983495705504466E-01
  4.2677669529663687E-01 -5.0000000000000000E-01  1.0983495705504466E-01
  5.0000000000000000E-01 -5.0000000000000000E-01  1.0983495705504466E-01
  0.0000000000000000E+00 -5.0000000000000000E-01  3.7499999999999994E-01
  7.3223304703363107E-02 -5.0000000000000000E-01  3.7499999999999994E-01
  2.4999999999999997E-01 -5.0000000000000000E-01  3.7499999999999994E-01
  4.2677669529663687E-01 -5.0000000000000000E-01  3.7499999999999994E-01
  5.0000000000000000E-01 -5.0000000000000000E-01  3.7499999999999994E-01
  0.0000000000000000E+00 -5.0000000000000000E-01  6.4016504294495524E-01
  7.3223304703363107E-02 -5.0000000000000000E-01  6.4016504294495524E-01
  2.4999999999999997E-01 -5.0000000000000000E-01  6.4016504294495524E-01
  4.2677669529663687E-01 -5.0000000000000000E-01  6.4016504294495524E-01
  5.0000000000000000E-01 -5.0000000000000000E-01  6.4016504294495524E-01
  0.0000000000000000E+00 -5.0000000000000000E-01  7.5000000000000000E-01
  7.3223304703363107E-02 -5.0000000000000000E-01  7.5000000000000000E-01
  2.4999999999999997E-01 -5.0000000000000000E-01  7.5000000000000000E-01
  4.2677669529663687E-01 -5.0000000000000000E-01  7.5000000000000000E-01
  5.0000000000000000E-01 -5.0000000000000000E-01  7.5000000000000000E-01
 --- --- bottom cylinder --- ---
 3 17 10 6 20 34 27 23 Insulator
 1 1 1 1 1 1
  5.0000000000000000E-01 -5.0000000000000000E-01  0.0000000000000000E+00
  5.3033008588991060E-01 -5.3033008588991060E-01  0.0000000000000000E+00
  6.0355339059327362E-01 -6.0355339059327373E-01  0.0000000000000000E+00
  6.7677669529663675E-01 -6.7677669529663698E-01  0.0000000000000000E+00
  7.0710678118654735E-01 -7.0710678118654768E-01  0.0000000000000000E+00
  5.0000000000000000E-01 -5.0000000000000000E-01  1.0983495705504466E-01
  5.3033008588991060E-01 -5.3033008588991060E-01  1.0983495705504466E-01
  6.0355339059327362E-01 -6.0355339059327373E-01  1.0983495705504466E-01
  6.7677669529663675E-01 -6.7677669529663698E-01  1.0983495705504466E-01
  7.0710678118654735E-01 -7.0710678118654768E-01  1.0983495705504466E-01
  5.0000000000000000E-01 -5.0000000000000000E-01  3.7499999999999994E-01
  5.3033008588991060E-01 -5.3033008588991060E-01  3.7499999999999994E-01
  6.0355339059327362E-01 -6.0355339059327373E-01  3.7499999999999994E-01
  6.7677669529663675E-01 -6.7677669529663698E-01  3.7499999999999994E-01
  7.0710678118654735E-01 -7.0710678118654768E-01  3.7499999999999994E-01
  5.0000000000000000E-01 -5.0000000000000000E-01  6.4016504294495524E-01
  5.3033008588991060E-01 -5.3033008588991060E-01  6.4016504294495524E-01
  6.0355339059327362E-01 -6.0355339059327373E-01  6.4016504294495524E-01
  6.7677669529663675E-01 -6.7677669529663698E-01  6.4016504294495524E-01
  7.0710678118654735E-01 -7.0710678118654768E-01  6.4016504294495524E-01
  5.0000000000000000E-01 -5.0000000000000000E-01  7.5000000000000000E-01
  5.3033008588991060E-01 -5.3033008588991060E-01  7.5000000000000000E-01
  6.0355339059327362E-01 -6.0355339059327373E-01  7.5000000000000000E-01
  6.7677669529663675E-01 -6.7677669529663698E-01  7.5000000000000000E-01
  7.0710678118654735E-01 -7.0710678118654768E-01  7.5000000000000000E-01
  5.0000000000000000E-01  0.0000000000000000E+00  0.0000000000000000E+00
  5.7322330470336302E-01 -3.5869074291185986E-17  0.0000000000000000E+00
  7.5000000000000000E-01 -1.2246467991473530E-16  0.0000000000000000E+00
  9.2677669529663687E-01 -2.0906028553828465E-16  0.0000000000000000E+00
  1.0000000000000000E+00 -2.4492935982947064E-16  0.0000000000000000E+00
  5.0000000000000000E-01  0.0000000000000000E+00  1.0983495705504466E-01
  5.7322330470336302E-01 -3.5869074291185986E-17  1.0983495705504466E-01
  7.5000000000000000E-01 -1.2246467991473530E-16  1.0983495705504466E-01
  9.2677669529663687E-01 -2.0906028553828465E-16  1.0983495705504466E-01
  1.0000000000000000E+00 -2.4492935982947064E-16  1.0983495705504466E-01
  5.0000000000000000E-01  0.0000000000000000E+00  3.7499999999999994E-01
  5.7322330470336302E-01 -3.5869074291185986E-17  3.7499999999999994E-01
  7.5000000000000000E-01 -1.2246467991473530E-16  3.7499999999999994E-01
  9.2677669529663687E-01 -2.0906028553828465E-16  3.7499999999999994E-01
  1.0000000000000000E+00 -2.4492935982947064E-16  3.7499999999999994E-01
  5.0000000000000000E-01  0.0000000000000000E+00  6.4016504294495524E-01
  5.7322330470336302E-01 -3.5869074291185986E-17  6.4016504294495524E-01
  7.5000000000000000E-01 -1.2246467991473530E-16  6.4016504294495524E-01
  9.2677669529663687E-01 -2.0906028553828465E-16  6.4016504294495524E-01
  1.0000000000000000E+00 -2.4492935982947064E-16  6.4016504294495524E-01
  5.0000000000000000E-01  0.0000000000000000E+00  7.5000000000000000E-01
  5.7322330470336302E-01 -3.5869074291185986E-17  7.5000000000000000E-01
  7.5000000000000000E-01 -1.2246467991473530E-16  7.5000000000000000E-01
  9.2677669529663687E-01 -2.0906028553828465E-16  7.5000000000000000E-01
  1.0000000000000000E+00 -2.4492935982947064E-16  7.5000000000000000E-01
  5.0000000000000000E-01 -5.0000000000000000E-01  0.0000000000000000E+00
  5.3033008588991060E-01 -5.3033008588991060E-01  0.0000000000000000E+00
  6.0355339059327362E-01 -6.0355339059327373E-01  0.0000000000000000E+00
  6.7677669529663675E-01 -6.7677669529663698E-01  0.0000000000000000E+00
  7.0710678118654735E-01 -7.0710678118654768E-01  0.0000000000000000E+00
  5.0000000000000000E-01 -4.2677669529663687E-01  0.0000000000000000E+00
  5.4153022151000474E-01 -4.5526151616431848E-01  0.0000000000000000E+00
  6.4179304552781702E-01 -5.2402995702484378E-01  0.0000000000000000E+00
  7.4205586954562941E-01 -5.9279839788536903E-01  0.0000000000000000E+00
  7.8358609105563404E-01 -6.2128321875305093E-01  0.0000000000000000E+00
  5.0000000000000000E-01 -2.5000000000000000E-01  0.0000000000000000E+00
  5.6207572033318609E-01 -2.6943103879431413E-01  0.0000000000000000E+00
  7.1193976625564326E-01 -3.1634171618254514E-01  0.0000000000000000E+00
  8.6180381217810043E-01 -3.6325239357077621E-01  0.0000000000000000E+00
  9.2387953251128641E-01 -3.8268343236509039E-01  0.0000000000000000E+00
  5.0000000000000000E-01 -7.3223304703363135E-02  0.0000000000000000E+00
  5.7225567566775837E-01 -7.9307012729959700E-02  0.0000000000000000E+00
  7.4669630782329288E-01 -9.3994383157287170E-02  0.0000000000000000E+00
  9.2113693997882740E-01 -1.0868175358461465E-01  0.0000000000000000E+00
  9.9339261564658599E-01 -1.1476546161121123E-01  0.0000000000000000E+00
  5.0000000000000000E-01  0.0000000000000000E+00  0.0000000000000000E+00
  5.7322330470336302E-01 -3.5869074291185986E-17  0.0000000000000000E+00
  7.5000000000000000E-01 -1.2246467991473530E-16  0.0000000000000000E+00
  9.2677669529663687E-01 -2.0906028553828465E-16  0.0000000000000000E+00
  1.0000000000000000E+00 -2.4492935982947064E-16  0.0000000000000000E+00
  7.0710678118654735E-01 -7.0710678118654768E-01  0.0000000000000000E+00
  7.8358609105563404E-01 -6.2128321875305093E-01  0.0000000000000000E+00
  9.2387953251128641E-01 -3.8268343236509039E-01  0.0000000000000000E+00
  9.9339261564658599E-01 -1.1476546161121123E-01  0.0000000000000000E+00
  1.0000000000000000E+00 -2.4492935982947064E-16  0.0000000000000000E+00
  7.0710678118654735E-01 -7.0710678118654768E-01  1.0983495705504466E-01
  7.8358609105563404E-01 -6.2128321875305093E-01  1.0983495705504466E-01
  9.2387953251128641E-01 -3.8268343236509039E-01  1.0983495705504466E-01
  9.9339261564658599E-01 -1.1476546161121123E-01  1.0983495705504466E-01
  1.0000000000000000E+00 -2.4492935982947064E-16  1.0983495705504466E-01
  7.0710678118654735E-01 -7.0710678118654768E-01  3.7499999999999994E-01
  7.8358609105563404E-01 -6.2128321875305093E-01  3.7499999999999994E-01
  9.2387953251128641E-01 -3.8268343236509039E-01  3.7499999999999994E-01
  9.9339261564658599E-01 -1.1476546161121123E-01  3.7499999999999994E-01
  1.0000000000000000E+00 -2.4492935982947064E-16  3.7499999999999994E-01
  7.0710678118654735E-01 -7.0710678118654768E-01  6.4016504294495524E-01
  7.8358609105563404E-01 -6.2128321875305093E-01  6.4016504294495524E-01
  9.2387953251128641E-01 -3.8268343236509039E-01  6.4016504294495524E-01
  9.9339261564658599E-01 -1.1476546161121123E-01  6.4016504294495524E-01
  1.0000000000000000E+00 -2.4492935982947064E-16  6.4016504294495524E-01
  7.0710678118654735E-01 -7.0710678118654768E-01  7.5000000000000000E-01
  7.8358609105563404E-01 -6.2128321875305093E-01  7.5000000000000000E-01
  9.2387953251128641E-01 -3.8268343236509039E-01  7.5000000000000000E-01
  9.9339261564658599E-01 -1.1476546161121123E-01  7.5000000000000000E-01
  1.0000000000000000E+00 -2.4492935982947064E-16  7.5000000000000000E-01
  5.0000000000000000E-01 -5.0000000000000000E-01  7.5000000000000000E-01
  5.3033008588991060E-01 -5.3033008588991060E-01  7.5000000000000000E-01
  6.0355339059327362E-01 -6.0355339059327373E-01  7.5000000000000000E-01
  6.7677669529663675E-01 -6.7677669529663698E-01  7.5000000000000000E-01
  7.0710678118654735E-01 -7.0710678118654768E-01  7.5000000000000000E-01
  5.0000000000000000E-01 -4.2677669529663687E-01  7.5000000000000000E-01
  5.4153022151000474E-01 -4.5526151616431848E-01  7.5000000000000000E-01
  6.4179304552781702E-01 -5.2402995702484378E-01  7.5000000000000000E-01
  7.4205586954562941E-01 -5.9279839788536903E-01  7.5000000000000000E-01
  7.8358609105563404E-01 -6.2128321875305093E-01  7.5000000000000000E-01
  5.0000000000000000E-01 -2.5000000000000000E-01  7.5000000000000000E-01
  5.6207572033318609E-01 -2.6943103879431413E-01  7.5000000000000000E-01
  7.1193976625564326E-01 -3.1634171618254514E-01  7.5000000000000000E-01
  8.6180381217810043E-01 -3.6325239357077621E-01  7.5000000000000000E-01
  9.2387953251128641E-01 -3.8268343236509039E-01  7.5000000000000000E-01
  5.0000000000000000E-01 -7.3223304703363135E-02  7.5000000000000000E-01
  5.7225567566775837E-01 -7.9307012729959700E-02  7.5000000000000000E-01
  7.4669630782329288E-01 -9.3994383157287170E-02  7.5000000000000000E-01
  9.2113693997882740E-01 -1.0868175358461465E-01  7.5000000000000000E-01
  9.9339261564658599E-01 -1.1476546161121123E-01  7.5000000000000000E-01
  5.0000000000000000E-01  0.0000000000000000E+00  7.5000000000000000E-01
  5.7322330470336302E-01 -3.5869074291185986E-17  7.5000000000000000E-01
  7.5000000000000000E-01 -1.2246467991473530E-16  7.5000000000000000E-01
  9.2677669529663687E-01 -2.0906028553828465E-16  7.5000000000000000E-01
  1.0000000000000000E+00 -2.4492935982947064E-16  7.5000000000000000E-01
  5.0000000000000000E-01 -5.0000000000000000E-01  0.0000000000000000E+00
  5.0000000000000000E-01 -4.2677669529663687E-01  0.0000000000000000E+00
  5.0000000000000000E-01 -2.5000000000000000E-01  0.0000000000000000E+00
  5.0000000000000000E-01 -7.3223304703363135E-02  0.0000000000000000E+00
  5.0000000000000000E-01  0.0000000000000000E+00  0.0000000000000000E+00
  5.0000000000000000E-01 -5.0000000000000000E-01  1.0983495705504466E-01
  5.0000000000000000E-01 -4.2677669529663687E-01  1.0983495705504466E-01
  5.0000000000000000E-01 -2.5000000000000000E-01  1.0983495705504466E-01
  5.0000000000000000E-01 -7.3223304703363135E-02  1.0983495705504466E-01
  5.0000000000000000E-01  0.0000000000000000E+00  1.0983495705504466E-01
  5.0000000000000000E-01 -5.0000000000000000E-01  3.7499999999999994E-01
  5.0000000000000000E-01 -4.2677669529663687E-01  3.7499999999999994E-01
  5.0000000000000000E-01 -2.5000000000000000E-01  3.7499999999999994E-01
  5.0000000000000000E-01 -7.3223304703363135E-02  3.7499999999999994E-01
  5.0000000000000000E-01  0.0000000000000000E+00  3.7499999999999994E-01
  5.0000000000000000E-01 -5.0000000000000000E-01  6.4016504294495524E-01
  5.0000000000000000E-01 -4.2677669529663687E-01  6.4016504294495524E-01
  5.0000000000000000E-01 -2.5000000000000000E-01  6.4016504294495524E-01
  5.0000000000000000E-01 -7.3223304703363135E-02  6.4016504294495524E-01
  5.0000000000000000E-01  0.0000000000000000E+00  6.4016504294495524E-01
  5.0000000000000000E-01 -5.0000000000000000E-01  7.5000000000000000E-01
  5.0000000000000000E-01 -4.2677669529663687E-01  7.5000000000000000E-01
  5.0000000000000000E-01 -2.5000000000000000E-01  7.5000000000000000E-01
  5.0000000000000000E-01 -7.3223304703363135E-02  7.5000000000000000E-01
  5.0000000000000000E-01  0.0000000000000000E+00  7.5000000000000000E-01
 --- --- bottom cylinder --- ---
 18 19 22 21 35 36 39 38 Copper
 0 0 0 0 0 0
 --- --- --- --- top ---
 19 20 23 22 36 37 40 39 Copper
 0 0 0 0 0 0
 --- --- --- --- top ---
 21 22 25 24 38 39 42 41 Copper
 0 0 0 0 0 0
 --- --- --- --- top ---
 22 23 26 25 39 40 43 42 Copper
 0 0 0 0 0 0
 --- --- --- --- top ---
 23 27 28 26 40 44 45 43 Insulator
 0 0 1 1 1 0
  5.0000000000000000E-01  0.0000000000000000E+00  7.5000000000000000E-01
  5.7322330470336302E-01  0.0000000000000000E+00  7.5000000000000000E-01
  7.5000000000000000E-01  0.0000000000000000E+00  7.5000000000000000E-01
  9.2677669529663687E-01  0.0000000000000000E+00  7.5000000000000000E-01
  1.0000000000000000E+00  0.0000000000000000E+00  7.5000000000000000E-01
  5.0000000000000000E-01  7.3223304703363107E-02  7.5000000000000000E-01
  5.7225567566775837E-01  7.9307012729959686E-02  7.5000000000000000E-01
  7.4669630782329299E-01  9.3994383157287170E-02  7.5000000000000000E-01
  9.2113693997882728E-01  1.0868175358461463E-01  7.5000000000000000E-01
  9.9339261564658599E-01  1.1476546161121121E-01  7.5000000000000000E-01
  5.0000000000000000E-01  2.4999999999999997E-01  7.5000000000000000E-01
  5.6207572033318609E-01  2.6943103879431396E-01  7.5000000000000000E-01
  7.1193976625564315E-01  3.1634171618254486E-01  7.5000000000000000E-01
  8.6180381217810065E-01  3.6325239357077566E-01  7.5000000000000000E-01
  9.2387953251128674E-01  3.8268343236508967E-01  7.5000000000000000E-01
  5.0000000000000000E-01  4.2677669529663687E-01  7.5000000000000000E-01
  5.4153022151000485E-01  4.5526151616431848E-01  7.5000000000000000E-01
  6.4179304552781713E-01  5.2402995702484390E-01  7.5000000000000000E-01
  7.4205586954562941E-01  5.9279839788536903E-01  7.5000000000000000E-01
  7.8358609105563426E-01  6.2128321875305059E-01  7.5000000000000000E-01
  5.0000000000000000E-01  5.0000000000000000E-01  7.5000000000000000E-01
  5.3033008588991060E-01  5.3033008588991060E-01  7.5000000000000000E-01
  6.0355339059327373E-01  6.0355339059327373E-01  7.5000000000000000E-01
  6.7677669529663687E-01  6.7677669529663687E-01  7.5000000000000000E-01
  7.0710678118654757E-01  7.0710678118654746E-01  7.5000000000000000E-01
  1.0000000000000000E+00  0.0000000000000000E+00  7.5000000000000000E-01
  9.9339261564658599E-01  1.1476546161121121E-01  7.5000000000000000E-01
  9.2387953251128674E-01  3.8268343236508967E-01  7.5000000000000000E-01
  7.8358609105563426E-01  6.2128321875305059E-01  7.5000000000000000E-01
  7.0710678118654757E-01  7.0710678118654746E-01  7.5000000000000000E-01
  1.0000000000000000E+00  0.0000000000000000E+00  8.5983495705504465E-01
  9.9339261564658599E-01  1.1476546161121121E-01  8.5983495705504465E-01
  9.2387953251128674E-01  3.8268343236508967E-01  8.5983495705504465E-01
  7.8358609105563426E-01  6.2128321875305059E-01  8.5983495705504465E-01
  7.0710678118654757E-01  7.0710678118654746E-01  8.5983495705504465E-01
  1.0000000000000000E+00  0.0000000000000000E+00  1.1250000000000000E+00
  9.9339261564658599E-01  1.1476546161121121E-01  1.1250000000000000E+00
  9.2387953251128674E-01  3.8268343236508967E-01  1.1250000000000000E+00
  7.8358609105563426E-01  6.2128321875305059E-01  1.1250000000000000E+00
  7.0710678118654757E-01  7.0710678118654746E-01  1.1250000000000000E+00
  1.0000000000000000E+00  0.0000000000000000E+00  1.3901650429449552E+00
  9.9339261564658599E-01  1.1476546161121121E-01  1.3901650429449552E+00
  9.2387953251128674E-01  3.8268343236508967E-01  1.3901650429449552E+00
  7.8358609105563426E-01  6.2128321875305059E-01  1.3901650429449552E+00
  7.0710678118654757E-01  7.0710678118654746E-01  1.3901650429449552E+00
  1.0000000000000000E+00  0.0000000000000000E+00  1.5000000000000000E+00
  9.9339261564658599E-01  1.1476546161121121E-01  1.5000000000000000E+00
  9.2387953251128674E-01  3.8268343236508967E-01  1.5000000000000000E+00
  7.8358609105563426E-01  6.2128321875305059E-01  1.5000000000000000E+00
  7.0710678118654757E-01  7.0710678118654746E-01  1.5000000000000000E+00
  5.0000000000000000E-01  0.0000000000000000E+00  1.5000000000000000E+00
  5.7322330470336302E-01  0.0000000000000000E+00  1.5000000000000000E+00
  7.5000000000000000E-01  0.0000000000000000E+00  1.5000000000000000E+00
  9.2677669529663687E-01  0.0000000000000000E+00  1.5000000000000000E+00
  1.0000000000000000E+00  0.0000000000000000E+00  1.5000000000000000E+00
  5.0000000000000000E-01  7.3223304703363107E-02  1.5000000000000000E+00
  5.7225567566775837E-01  7.9307012729959686E-02  1.5000000000000000E+00
  7.4669630782329299E-01  9.3994383157287170E-02  1.5000000000000000E+00
  9.2113693997882728E-01  1.0868175358461463E-01  1.5000000000000000E+00
  9.9339261564658599E-01  1.1476546161121121E-01  1.5000000000000000E+00
  5.0000000000000000E-01  2.4999999999999997E-01  1.5000000000000000E+00
  5.6207572033318609E-01  2.6943103879431396E-01  1.5000000000000000E+00
  7.1193976625564315E-01  3.1634171618254486E-01  1.5000000000000000E+00
  8.6180381217810065E-01  3.6325239357077566E-01  1.5000000000000000E+00
  9.2387953251128674E-01  3.8268343236508967E-01  1.5000000000000000E+00
  5.0000000000000000E-01  4.2677669529663687E-01  1.5000000000000000E+00
  5.4153022151000485E-01  4.5526151616431848E-01  1.5000000000000000E+00
  6.4179304552781713E-01  5.2402995702484390E-01  1.5000000000000000E+00
  7.4205586954562941E-01  5.9279839788536903E-01  1.5000000000000000E+00
  7.8358609105563426E-01  6.2128321875305059E-01  1.5000000000000000E+00
  5.0000000000000000E-01  5.0000000000000000E-01  1.5000000000000000E+00
  5.3033008588991060E-01  5.3033008588991060E-01  1.5000000000000000E+00
  6.0355339059327373E-01  6.0355339059327373E-01  1.5000000000000000E+00
  6.7677669529663687E-01  6.7677669529663687E-01  1.5000000000000000E+00
  7.0710678118654757E-01  7.0710678118654746E-01  1.5000000000000000E+00
 --- --- --- cylinder top ---
 26 28 29 25 43 45 46 42 Insulator
 0 0 1 1 1 0
  5.0000000000000000E-01  5.0000000000000000E-01  7.5000000000000000E-01
  5.3033008588991060E-01  5.3033008588991060E-01  7.5000000000000000E-01
  6.0355339059327373E-01  6.0355339059327373E-01  7.5000000000000000E-01
  6.7677669529663687E-01  6.7677669529663687E-01  7.5000000000000000E-01
  7.0710678118654757E-01  7.0710678118654746E-01  7.5000000000000000E-01
  4.2677669529663687E-01  5.0000000000000000E-01  7.5000000000000000E-01
  4.5526151616431848E-01  5.4153022151000485E-01  7.5000000000000000E-01
  5.2402995702484390E-01  6.4179304552781702E-01  7.5000000000000000E-01
  5.9279839788536892E-01  7.4205586954562952E-01  7.5000000000000000E-01
  6.2128321875305059E-01  7.8358609105563426E-01  7.5000000000000000E-01
  2.5000000000000000E-01  5.0000000000000000E-01  7.5000000000000000E-01
  2.6943103879431413E-01  5.6207572033318609E-01  7.5000000000000000E-01
  3.1634171618254492E-01  7.1193976625564326E-01  7.5000000000000000E-01
  3.6325239357077571E-01  8.6180381217810065E-01  7.5000000000000000E-01
  3.8268343236508984E-01  9.2387953251128674E-01  7.5000000000000000E-01
  7.3223304703363135E-02  5.0000000000000000E-01  7.5000000000000000E-01
  7.9307012729959686E-02  5.7225567566775837E-01  7.5000000000000000E-01
  9.3994383157287198E-02  7.4669630782329288E-01  7.5000000000000000E-01
  1.0868175358461468E-01  9.2113693997882740E-01  7.5000000000000000E-01
  1.1476546161121126E-01  9.9339261564658576E-01  7.5000000000000000E-01
  0.0000000000000000E+00  5.0000000000000000E-01  7.5000000000000000E-01
  8.9672685727964965E-18  5.7322330470336302E-01  7.5000000000000000E-01
  3.0616169978683824E-17  7.5000000000000000E-01  7.5000000000000000E-01
  5.2265071384571162E-17  9.2677669529663687E-01  7.5000000000000000E-01
  6.1232339957367660E-17  1.0000000000000000E+00  7.5000000000000000E-01
  7.0710678118654757E-01  7.0710678118654746E-01  7.5000000000000000E-01
  6.2128321875305059E-01  7.8358609105563426E-01  7.5000000000000000E-01
  3.8268343236508984E-01  9.2387953251128674E-01  7.5000000000000000E-01
  1.1476546161121126E-01  9.9339261564658576E-01  7.5000000000000000E-01
  6.1232339957367660E-17  1.0000000000000000E+00  7.5000000000000000E-01
  7.0710678118654757E-01  7.0710678118654746E-01  8.5983495705504465E-01
  6.2128321875305059E-01  7.8358609105563426E-01  8.5983495705504465E-01
  3.8268343236508984E-01  9.2387953251128674E-01  8.5983495705504465E-01
  1.1476546161121126E-01  9.9339261564658576E-01  8.5983495705504465E-01
  6.1232339957367660E-17  1.0000000000000000E+00  8.5983495705504465E-01
  7.0710678118654757E-01  7.0710678118654746E-01  1.1250000000000000E+00
  6.2128321875305059E-01  7.8358609105563426E-01  1.1250000000000000E+00
  3.8268343236508984E-01  9.2387953251128674E-01  1.1250000000000000E+00
  1.1476546161121126E-01  9.9339261564658576E-01  1.1250000000000000E+00
  6.1232339957367660E-17  1.0000000000000000E+00  1.1250000000000000E+00
  7.0710678118654757E-01  7.0710678118654746E-01  1.3901650429449552E+00
  6.2128321875305059E-01  7.8358609105563426E-01  1.3901650429449552E+00
  3.8268343236508984E-01  9.2387953251128674E-01  1.3901650429449552E+00
  1.1476546161121126E-01  9.9339261564658576E-01  1.3901650429449552E+00
  6.1232339957367660E-17  1.0000000000000000E+00  1.3901650429449552E+00
  7.0710678118654757E-01  7.0710678118654746E-01  1.5000000000000000E+00
  6.2128321875305059E-01  7.8358609105563426E-01  1.5000000000000000E+00
  3.8268343236508984E-01  9.2387953251128674E-01  1.5000000000000000E+00
  1.1476546161121126E-01  9.9339261564658576E-01  1.5000000000000000E+00
  6.1232339957367660E-17  1.0000000000000000E+00  1.5000000000000000E+00
  5.0000000000000000E-01  5.0000000000000000E-01  1.5000000000000000E+00
  5.3033008588991060E-01  5.3033008588991060E-01  1.5000000000000000E+00
  6.0355339059327373E-01  6.0355339059327373E-01  1.5000000000000000E+00
  6.7677669529663687E-01  6.7677669529663687E-01  1.5000000000000000E+00
  7.0710678118654757E-01  7.0710678118654746E-01  1.5000000000000000E+00
  4.2677669529663687E-01  5.0000000000000000E-01  1.5000000000000000E+00
  4.5526151616431848E-01  5.4153022151000485E-01  1.5000000000000000E+00
  5.2402995702484390E-01  6.4179304552781702E-01  1.5000000000000000E+00
  5.9279839788536892E-01  7.4205586954562952E-01  1.5000000000000000E+00
  6.2128321875305059E-01  7.8358609105563426E-01  1.5000000000000000E+00
  2.5000000000000000E-01  5.0000000000000000E-01  1.5000000000000000E+00
  2.6943103879431413E-01  5.6207572033318609E-01  1.5000000000000000E+00
  3.1634171618254492E-01  7.1193976625564326E-01  1.5000000000000000E+00
  3.6325239357077571E-01  8.6180381217810065E-01  1.5000000000000000E+00
  3.8268343236508984E-01  9.2387953251128674E-01  1.5000000000000000E+00
  7.3223304703363135E-02  5.0000000000000000E-01  1.5000000000000000E+00
  7.9307012729959686E-02  5.7225567566775837E-01  1.5000000000000000E+00
  9.3994383157287198E-02  7.4669630782329288E-01  1.5000000000000000E+00
  1.0868175358461468E-01  9.2113693997882740E-01  1.5000000000000000E+00
  1.1476546161121126E-01  9.9339261564658576E-01  1.5000000000000000E+00
  0.0000000000000000E+00  5.0000000000000000E-01  1.5000000000000000E+00
  8.9672685727964965E-18  5.7322330470336302E-01  1.5000000000000000E+00
  3.0616169978683824E-17  7.5000000000000000E-01  1.5000000000000000E+00
  5.2265071384571162E-17  9.2677669529663687E-01  1.5000000000000000E+00
  6.1232339957367660E-17  1.0000000000000000E+00  1.5000000000000000E+00
 --- --- --- cylinder top ---
 25 29 30 24 42 46 47 41 Insulator
 0 0 1 1 1 0
  0.0000000000000000E+00  5.0000000000000000E-01  7.5000000000000000E-01
  8.9672685727964965E-18  5.7322330470336302E-01  7.5000000000000000E-01
  3.0616169978683824E-17  7.5000000000000000E-01  7.5000000000000000E-01
  5.2265071384571162E-17  9.2677669529663687E-01  7.5000000000000000E-01
  6.1232339957367660E-17  1.0000000000000000E+00  7.5000000000000000E-01
 -7.3223304703363107E-02  5.0000000000000000E-01  7.5000000000000000E-01
 -7.9307012729959631E-02  5.7225567566775837E-01  7.5000000000000000E-01
 -9.3994383157287142E-02  7.4669630782329299E-01  7.5000000000000000E-01
 -1.0868175358461458E-01  9.2113693997882728E-01  7.5000000000000000E-01
 -1.1476546161121115E-01  9.9339261564658599E-01  7.5000000000000000E-01
 -2.4999999999999997E-01  5.0000000000000000E-01  7.5000000000000000E-01
 -2.6943103879431396E-01  5.6207572033318609E-01  7.5000000000000000E-01
 -3.1634171618254486E-01  7.1193976625564315E-01  7.5000000000000000E-01
 -3.6325239357077566E-01  8.6180381217810065E-01  7.5000000000000000E-01
 -3.8268343236508973E-01  9.2387953251128674E-01  7.5000000000000000E-01
 -4.2677669529663687E-01  5.0000000000000000E-01  7.5000000000000000E-01
 -4.5526151616431848E-01  5.4153022151000463E-01  7.5000000000000000E-01
 -5.2402995702484390E-01  6.4179304552781713E-01  7.5000000000000000E-01
 -5.9279839788536925E-01  7.4205586954562941E-01  7.5000000000000000E-01
 -6.2128321875305081E-01  7.8358609105563426E-01  7.5000000000000000E-01
 -5.0000000000000000E-01  5.0000000000000000E-01  7.5000000000000000E-01
 -5.3033008588991060E-01  5.3033008588991060E-01  7.5000000000000000E-01
 -6.0355339059327373E-01  6.0355339059327373E-01  7.5000000000000000E-01
 -6.7677669529663687E-01  6.7677669529663687E-01  7.5000000000000000E-01
 -7.0710678118654746E-01  7.0710678118654757E-01  7.5000000000000000E-01
  6.1232339957367660E-17  1.0000000000000000E+00  7.5000000000000000E-01
 -1.1476546161121115E-01  9.9339261564658599E-01  7.5000000000000000E-01
 -3.8268343236508973E-01  9.2387953251128674E-01  7.5000000000000000E-01
 -6.2128321875305081E-01  7.8358609105563426E-01  7.5000000000000000E-01
 -7.0710678118654746E-01  7.0710678118654757E-01  7.5000000000000000E-01
  6.1232339957367660E-17  1.0000000000000000E+00  8.5983495705504465E-01
 -1.1476546161121115E-01  9.9339261564658599E-01  8.5983495705504465E-01
 -3.8268343236508973E-01  9.2387953251128674E-01  8.5983495705504465E-01
 -6.2128321875305081E-01  7.8358609105563426E-01  8.5983495705504465E-01
 -7.0710678118654746E-01  7.0710678118654757E-01  8.5983495705504465E-01
  6.1232339957367660E-17  1.0000000000000000E+00  1.1250000000000000E+00
 -1.1476546161121115E-01  9.9339261564658599E-01  1.1250000000000000E+00
 -3.8268343236508973E-01  9.2387953251128674E-01  1.1250000000000000E+00
 -6.2128321875305081E-01  7.8358609105563426E-01  1.1250000000000000E+00
 -7.0710678118654746E-01  7.0710678118654757E-01  1.1250000000000000E+00
  6.1232339957367660E-17  1.0000000000000000E+00  1.3901650429449552E+00
 -1.1476546161121115E-01  9.9339261564658599E-01  1.3901650429449552E+00
 -3.8268343236508973E-01  9.2387953251128674E-01  1.3901650429449552E+00
 -6.2128321875305081E-01  7.8358609105563426E-01  1.3901650429449552E+00
 -7.0710678118654746E-01  7.0710678118654757E-01  1.3901650429449552E+00
  6.1232339957367660E-17  1.0000000000000000E+00  1.5000000000000000E+00
 -1.1476546161121115E-01  9.9339261564658599E-01  1.5000000000000000E+00
 -3.8268343236508973E-01  9.2387953251128674E-01  1.5000000000000000E+00
 -6.2128321875305081E-01  7.8358609105563426E-01  1.5000000000000000E+00
 -7.0710678118654746E-01  7.0710678118654757E-01  1.5000000000000000E+00
  0.0000000000000000E+00  5.0000000000000000E-01  1.5000000000000000E+00
  8.9672685727964965E-18  5.7322330470336302E-01  1.5000000000000000E+00
  3.0616169978683824E-17  7.5000000000000000E-01  1.5000000000000000E+00
  5.2265071384571162E-17  9.2677669529663687E-01  1.5000000000000000E+00
  6.1232339957367660E-17  1.0000000000000000E+00  1.5000000000000000E+00
 -7.3223304703363107E-02  5.0000000000000000E-01  1.5000000000000000E+00
 -7.9307012729959631E-02  5.7225567566775837E-01  1.5000000000000000E+00
 -9.3994383157287142E-02  7.4669630782329299E-01  1.5000000000000000E+00
 -1.0868175358461458E-01  9.2113693997882728E-01  1.5000000000000000E+00
 -1.1476546161121115E-01  9.9339261564658599E-01  1.5000000000000000E+00
 -2.4999999999999997E-01  5.0000000000000000E-01  1.5000000000000000E+00
 -2.6943103879431396E-01  5.6207572033318609E-01  1.5000000000000000E+00
 -3.1634171618254486E-01  7.1193976625564315E-01  1.5000000000000000E+00
 -3.6325239357077566E-01  8.6180381217810065E-01  1.5000000000000000E+00
 -3.8268343236508973E-01  9.2387953251128674E-01  1.5000000000000000E+00
 -4.2677669529663687E-01  5.0000000000000000E-01  1.5000000000000000E+00
 -4.5526151616431848E-01  5.4153022151000463E-01  1.5000000000000000E+00
 -5.2402995702484390E-01  6.4179304552781713E-01  1.5000000000000000E+00
 -5.9279839788536925E-01  7.4205586954562941E-01  1.5000000000000000E+00
 -6.2128321875305081E-01  7.8358609105563426E-01  1.5000000000000000E+00
 -5.0000000000000000E-01  5.0000000000000000E-01  1.5000000000000000E+00
 -5.3033008588991060E-01  5.3033008588991060E-01  1.5000000000000000E+00
 -6.0355339059327373E-01  6.0355339059327373E-01  1.5000000000000000E+00
 -6.7677669529663687E-01  6.7677669529663687E-01  1.5000000000000000E+00
 -7.0710678118654746E-01  7.0710678118654757E-01  1.5000000000000000E+00
 --- --- --- cylinder top ---
 24 30 31 21 41 47 48 38 Insulator
 0 0 1 1 1 0
 -5.0000000000000000E-01  5.0000000000000000E-01  7.5000000000000000E-01
 -5.3033008588991060E-01  5.3033008588991060E-01  7.5000000000000000E-01
 -6.0355339059327373E-01  6.0355339059327373E-01  7.5000000000000000E-01
 -6.7677669529663687E-01  6.7677669529663687E-01  7.5000000000000000E-01
 -7.0710678118654746E-01  7.0710678118654757E-01  7.5000000000000000E-01
 -5.0000000000000000E-01  4.2677669529663687E-01  7.5000000000000000E-01
 -5.4153022151000463E-01  4.5526151616431848E-01  7.5000000000000000E-01
 -6.4179304552781702E-01  5.2402995702484390E-01  7.5000000000000000E-01
 -7.4205586954562930E-01  5.9279839788536914E-01  7.5000000000000000E-01
 -7.8358609105563426E-01  6.2128321875305104E-01  7.5000000000000000E-01
 -5.0000000000000000E-01  2.5000000000000000E-01  7.5000000000000000E-01
 -5.6207572033318609E-01  2.6943103879431413E-01  7.5000000000000000E-01
 -7.1193976625564326E-01  3.1634171618254486E-01  7.5000000000000000E-01
 -8.6180381217810065E-01  3.6325239357077577E-01  7.5000000000000000E-01
 -9.2387953251128674E-01  3.8268343236508995E-01  7.5000000000000000E-01
 -5.0000000000000000E-01  7.3223304703363135E-02  7.5000000000000000E-01
 -5.7225567566775837E-01  7.9307012729959658E-02  7.5000000000000000E-01
 -7.4669630782329288E-01  9.3994383157287115E-02  7.5000000000000000E-01
 -9.2113693997882740E-01  1.0868175358461456E-01  7.5000000000000000E-01
 -9.9339261564658599E-01  1.1476546161121109E-01  7.5000000000000000E-01
 -5.0000000000000000E-01  0.0000000000000000E+00  7.5000000000000000E-01
 -5.7322330470336302E-01  1.7934537145592993E-17  7.5000000000000000E-01
 -7.5000000000000000E-01  6.1232339957367648E-17  7.5000000000000000E-01
 -9.2677669529663687E-01  1.0453014276914232E-16  7.5000000000000000E-01
 -1.0000000000000000E+00  1.2246467991473532E-16  7.5000000000000000E-01
 -7.0710678118654746E-01  7.0710678118654757E-01  7.5000000000000000E-01
 -7.8358609105563426E-01  6.2128321875305104E-01  7.5000000000000000E-01
 -9.2387953251128674E-01  3.8268343236508995E-01  7.5000000000000000E-01
 -9.9339261564658599E-01  1.1476546161121109E-01  7.5000000000000000E-01
 -1.0000000000000000E+00  1.2246467991473532E-16  7.5000000000000000E-01
 -7.0710678118654746E-01  7.0710678118654757E-01  8.5983495705504465E-01
 -7.8358609105563426E-01  6.2128321875305104E-01  8.5983495705504465E-01
 -9.2387953251128674E-01  3.8268343236508995E-01  8.5983495705504465E-01
 -9.9339261564658599E-01  1.1476546161121109E-01  8.5983495705504465E-01
 -1.0000000000000000E+00  1.2246467991473532E-16  8.5983495705504465E-01
 -7.0710678118654746E-01  7.0710678118654757E-01  1.1250000000000000E+00
 -7.8358609105563426E-01  6.2128321875305104E-01  1.1250000000000000E+00
 -9.2387953251128674E-01  3.8268343236508995E-01  1.1250000000000000E+00
 -9.9339261564658599E-01  1.1476546161121109E-01  1.1250000000000000E+00
 -1.0000000000000000E+00  1.2246467991473532E-16  1.1250000000000000E+00
 -7.0710678118654746E-01  7.0710678118654757E-01  1.3901650429449552E+00
 -7.8358609105563426E-01  6.2128321875305104E-01  1.3901650429449552E+00
 -9.2387953251128674E-01  3.8268343236508995E-01  1.3901650429449552E+00
 -9.9339261564658599E-01  1.1476546161121109E-01  1.3901650429449552E+00
 -1.0000000000000000E+00  1.2246467991473532E-16  1.3901650429449552E+00
 -7.0710678118654746E-01  7.0710678118654757E-01  1.5000000000000000E+00
 -7.8358609105563426E-01  6.2128321875305104E-01  1.5000000000000000E+00
 -9.2387953251128674E-01  3.8268343236508995E-01  1.5000000000000000E+00
 -9.9339261564658599E-01  1.1476546161121109E-01  1.5000000000000000E+00
 -1.0000000000000000E+00  1.2246467991473532E-16  1.5000000000000000E+00
 -5.0000000000000000E-01  5.0000000000000000E-01  1.5000000000000000E+00
 -5.3033008588991060E-01  5.3033008588991060E-01  1.5000000000000000E+00
 -6.0355339059327373E-01  6.0355339059327373E-01  1.5000000000000000E+00
 -6.7677669529663687E-01  6.7677669529663687E-01  1.5000000000000000E+00
 -7.0710678118654746E-01  7.0710678118654757E-01  1.5000000000000000E+00
 -5.0000000000000000E-01  4.2677669529663687E-01  1.5000000000000000E+00
 -5.4153022151000463E-01  4.5526151616431848E-01  1.5000000000000000E+00
 -6.4179304552781702E-01  5.2402995702484390E-01  1.5000000000000000E+00
 -7.4205586954562930E-01  5.9279839788536914E-01  1.5000000000000000E+00
 -7.8358609105563426E-01  6.2128321875305104E-01  1.5000000000000000E+00
 -5.0000000000000000E-01  2.5000000000000000E-01  1.5000000000000000E+00
 -5.6207572033318609E-01  2.6943103879431413E-01  1.5000000000000000E+00
 -7.1193976625564326E-01  3.1634171618254486E-01  1.5000000000000000E+00
 -8.6180381217810065E-01  3.6325239357077577E-01  1.5000000000000000E+00
 -9.2387953251128674E-01  3.8268343236508995E-01  1.5000000000000000E+00
 -5.0000000000000000E-01  7.3223304703363135E-02  1.5000000000000000E+00
 -5.7225567566775837E-01  7.9307012729959658E-02  1.5000000000000000E+00
 -7.4669630782329288E-01  9.3994383157287115E-02  1.5000000000000000E+00
 -9.2113693997882740E-01  1.0868175358461456E-01  1.5000000000000000E+00
 -9.9339261564658599E-01  1.1476546161121109E-01  1.5000000000000000E+00
 -5.0000000000000000E-01  0.0000000000000000E+00  1.5000000000000000E+00
 -5.7322330470336302E-01  1.7934537145592993E-17  1.5000000000000000E+00
 -7.5000000000000000E-01  6.1232339957367648E-17  1.5000000000000000E+00
 -9.2677669529663687E-01  1.0453014276914232E-16  1.5000000000000000E+00
 -1.0000000000000000E+00  1.2246467991473532E-16  1.5000000000000000E+00
 --- --- --- cylinder top ---
 21 31 32 18 38 48 49 35 Insulator
 0 0 1 1 1 0
 -5.0000000000000000E-01  0.0000000000000000E+00  7.5000000000000000E-01
 -5.7322330470336302E-01  1.7934537145592993E-17  7.5000000000000000E-01
 -7.5000000000000000E-01  6.1232339957367648E-17  7.5000000000000000E-01
 -9.2677669529663687E-01  1.0453014276914232E-16  7.5000000000000000E-01
 -1.0000000000000000E+00  1.2246467991473532E-16  7.5000000000000000E-01
 -5.0000000000000000E-01 -7.3223304703363107E-02  7.5000000000000000E-01
 -5.7225567566775837E-01 -7.9307012729959617E-02  7.5000000000000000E-01
 -7.4669630782329299E-01 -9.3994383157287004E-02  7.5000000000000000E-01
 -9.2113693997882728E-01 -1.0868175358461435E-01  7.5000000000000000E-01
 -9.9339261564658599E-01 -1.1476546161121087E-01  7.5000000000000000E-01
 -5.0000000000000000E-01 -2.4999999999999997E-01  7.5000000000000000E-01
 -5.6207572033318609E-01 -2.6943103879431396E-01  7.5000000000000000E-01
 -7.1193976625564315E-01 -3.1634171618254475E-01  7.5000000000000000E-01
 -8.6180381217810054E-01 -3.6325239357077560E-01  7.5000000000000000E-01
 -9.2387953251128674E-01 -3.8268343236508973E-01  7.5000000000000000E-01
 -5.0000000000000000E-01 -4.2677669529663687E-01  7.5000000000000000E-01
 -5.4153022151000485E-01 -4.5526151616431848E-01  7.5000000000000000E-01
 -6.4179304552781713E-01 -5.2402995702484390E-01  7.5000000000000000E-01
 -7.4205586954562952E-01 -5.9279839788536925E-01  7.5000000000000000E-01
 -7.8358609105563437E-01 -6.2128321875305081E-01  7.5000000000000000E-01
 -5.0000000000000000E-01 -5.0000000000000000E-01  7.5000000000000000E-01
 -5.3033008588991060E-01 -5.3033008588991060E-01  7.5000000000000000E-01
 -6.0355339059327373E-01 -6.0355339059327373E-01  7.5000000000000000E-01
 -6.7677669529663698E-01 -6.7677669529663687E-01  7.5000000000000000E-01
 -7.0710678118654768E-01 -7.0710678118654746E-01  7.5000000000000000E-01
 -1.0000000000000000E+00  1.2246467991473532E-16  7.5000000000000000E-01
 -9.9339261564658599E-01 -1.1476546161121087E-01  7.5000000000000000E-01
 -9.2387953251128674E-01 -3.8268343236508973E-01  7.5000000000000000E-01
 -7.8358609105563437E-01 -6.2128321875305081E-01  7.5000000000000000E-01
 -7.0710678118654768E-01 -7.0710678118654746E-01  7.5000000000000000E-01
 -1.0000000000000000E+00  1.2246467991473532E-16  8.5983495705504465E-01
 -9.9339261564658599E-01 -1.1476546161121087E-01  8.5983495705504465E-01
 -9.2387953251128674E-01 -3.8268343236508973E-01  8.5983495705504465E-01
 -7.8358609105563437E-01 -6.2128321875305081E-01  8.5983495705504465E-01
 -7.0710678118654768E-01 -7.0710678118654746E-01  8.5983495705504465E-01
 -1.0000000000000000E+00  1.2246467991473532E-16  1.1250000000000000E+00
 -9.9339261564658599E-01 -1.1476546161121087E-01  1.1250000000000000E+00
 -9.2387953251128674E-01 -3.8268343236508973E-01  1.1250000000000000E+00
 -7.8358609105563437E-01 -6.2128321875305081E-01  1.1250000000000000E+00
 -7.0710678118654768E-01 -7.0710678118654746E-01  1.1250000000000000E+00
 -1.0000000000000000E+00  1.2246467991473532E-16  1.3901650429449552E+00
 -9.9339261564658599E-01 -1.1476546161121087E-01  1.3901650429449552E+00
 -9.2387953251128674E-01 -3.8268343236508973E-01  1.3901650429449552E+00
 -7.8358609105563437E-01 -6.2128321875305081E-01  1.3901650429449552E+00
 -7.0710678118654768E-01 -7.0710678118654746E-01  1.3901650429449552E+00
 -1.0000000000000000E+00  1.2246467991473532E-16  1.5000000000000000E+00
 -9.9339261564658599E-01 -1.1476546161121087E-01  1.5000000000000000E+00
 -9.2387953251128674E-01 -3.8268343236508973E-01  1.5000000000000000E+00
 -7.8358609105563437E-01 -6.2128321875305081E-01  1.5000000000000000E+00
 -7.0710678118654768E-01 -7.0710678118654746E-01  1.5000000000000000E+00
 -5.0000000000000000E-01  0.0000000000000000E+00  1.5000000000000000E+00
 -5.7322330470336302E-01  1.7934537145592993E-17  1.5000000000000000E+00
 -7.5000000000000000E-01  6.1232339957367648E-17  1.5000000000000000E+00
 -9.2677669529663687E-01  1.0453014276914232E-16  1.5000000000000000E+00
 -1.0000000000000000E+00  1.2246467991473532E-16  1.5000000000000000E+00
 -5.0000000000000000E-01 -7.3223304703363107E-02  1.5000000000000000E+00
 -5.7225567566775837E-01 -7.9307012729959617E-02  1.5000000000000000E+00
 -7.4669630782329299E-01 -9.3994383157287004E-02  1.5000000000000000E+00
 -9.2113693997882728E-01 -1.0868175358461435E-01  1.5000000000000000E+00
 -9.9339261564658599E-01 -1.1476546161121087E-01  1.5000000000000000E+00
 -5.0000000000000000E-01 -2.4999999999999997E-01  1.5000000000000000E+00
 -5.6207572033318609E-01 -2.6943103879431396E-01  1.5000000000000000E+00
 -7.1193976625564315E-01 -3.1634171618254475E-01  1.5000000000000000E+00
 -8.6180381217810054E-01 -3.6325239357077560E-01  1.5000000000000000E+00
 -9.2387953251128674E-01 -3.8268343236508973E-01  1.5000000000000000E+00
 -5.0000000000000000E-01 -4.2677669529663687E-01  1.5000000000000000E+00
 -5.4153022151000485E-01 -4.5526151616431848E-01  1.5000000000000000E+00
 -6.4179304552781713E-01 -5.2402995702484390E-01  1.5000000000000000E+00
 -7.4205586954562952E-01 -5.9279839788536925E-01  1.5000000000000000E+00
 -7.8358609105563437E-01 -6.2128321875305081E-01  1.5000000000000000E+00
 -5.0000000000000000E-01 -5.0000000000000000E-01  1.5000000000000000E+00
 -5.3033008588991060E-01 -5.3033008588991060E-01  1.5000000000000000E+00
 -6.0355339059327373E-01 -6.0355339059327373E-01  1.5000000000000000E+00
 -6.7677669529663698E-01 -6.7677669529663687E-01  1.5000000000000000E+00
 -7.0710678118654768E-01 -7.0710678118654746E-01  1.5000000000000000E+00
 --- --- --- cylinder top ---
 18 32 33 19 35 49 50 36 Insulator
 0 0 1 1 1 0
 -5.0000000000000000E-01 -5.0000000000000000E-01  7.5000000000000000E-01
 -5.3033008588991060E-01 -5.3033008588991060E-01  7.5000000000000000E-01
 -6.0355339059327373E-01 -6.0355339059327373E-01  7.5000000000000000E-01
 -6.7677669529663698E-01 -6.7677669529663687E-01  7.5000000000000000E-01
 -7.0710678118654768E-01 -7.0710678118654746E-01  7.5000000000000000E-01
 -4.2677669529663687E-01 -5.0000000000000000E-01  7.5000000000000000E-01
 -4.5526151616431848E-01 -5.4153022151000463E-01  7.5000000000000000E-01
 -5.2402995702484378E-01 -6.4179304552781702E-01  7.5000000000000000E-01
 -5.9279839788536903E-01 -7.4205586954562930E-01  7.5000000000000000E-01
 -6.2128321875305093E-01 -7.8358609105563426E-01  7.5000000000000000E-01
 -2.5000000000000000E-01 -5.0000000000000000E-01  7.5000000000000000E-01
 -2.6943103879431413E-01 -5.6207572033318609E-01  7.5000000000000000E-01
 -3.1634171618254509E-01 -7.1193976625564326E-01  7.5000000000000000E-01
 -3.6325239357077616E-01 -8.6180381217810043E-01  7.5000000000000000E-01
 -3.8268343236509028E-01 -9.2387953251128652E-01  7.5000000000000000E-01
 -7.3223304703363135E-02 -5.0000000000000000E-01  7.5000000000000000E-01
 -7.9307012729959644E-02 -5.7225567566775837E-01  7.5000000000000000E-01
 -9.3994383157287142E-02 -7.4669630782329288E-01  7.5000000000000000E-01
 -1.0868175358461460E-01 -9.2113693997882740E-01  7.5000000000000000E-01
 -1.1476546161121116E-01 -9.9339261564658599E-01  7.5000000000000000E-01
  0.0000000000000000E+00 -5.0000000000000000E-01  7.5000000000000000E-01
 -2.6901805718389488E-17 -5.7322330470336302E-01  7.5000000000000000E-01
 -9.1848509936051472E-17 -7.5000000000000000E-01  7.5000000000000000E-01
 -1.5679521415371347E-16 -9.2677669529663687E-01  7.5000000000000000E-01
 -1.8369701987210297E-16 -1.0000000000000000E+00  7.5000000000000000E-01
 -7.0710678118654768E-01 -7.0710678118654746E-01  7.5000000000000000E-01
 -6.2128321875305093E-01 -7.8358609105563426E-01  7.5000000000000000E-01
 -3.8268343236509028E-01 -9.2387953251128652E-01  7.5000000000000000E-01
 -1.1476546161121116E-01 -9.9339261564658599E-01  7.5000000000000000E-01
 -1.8369701987210297E-16 -1.0000000000000000E+00  7.5000000000000000E-01
 -7.0710678118654768E-01 -7.0710678118654746E-01  8.5983495705504465E-01
 -6.2128321875305093E-01 -7.8358609105563426E-01  8.5983495705504465E-01
 -3.8268343236509028E-01 -9.2387953251128652E-01  8.5983495705504465E-01
 -1.1476546161121116E-01 -9.9339261564658599E-01  8.5983495705504465E-01
 -1.8369701987210297E-16 -1.0000000000000000E+00  8.5983495705504465E-01
 -7.0710678118654768E-01 -7.0710678118654746E-01  1.1250000000000000E+00
 -6.2128321875305093E-01 -7.8358609105563426E-01  1.1250000000000000E+00
 -3.8268343236509028E-01 -9.2387953251128652E-01  1.1250000000000000E+00
 -1.1476546161121116E-01 -9.9339261564658599E-01  1.1250000000000000E+00
 -1.8369701987210297E-16 -1.0000000000000000E+00  1.1250000000000000E+00
 -7.0710678118654768E-01 -7.0710678118654746E-01  1.3901650429449552E+00
 -6.2128321875305093E-01 -7.8358609105563426E-01  1.3901650429449552E+00
 -3.8268343236509028E-01 -9.2387953251128652E-01  1.3901650429449552E+00
 -1.1476546161121116E-01 -9.9339261564658599E-01  1.3901650429449552E+00
 -1.8369701987210297E-16 -1.0000000000000000E+00  1.3901650429449552E+00
 -7.0710678118654768E-01 -7.0710678118654746E-01  1.5000000000000000E+00
 -6.2128321875305093E-01 -7.8358609105563426E-01  1.5000000000000000E+00
 -3.8268343236509028E-01 -9.2387953251128652E-01  1.5000000000000000E+00
 -1.1476546161121116E-01 -9.9339261564658599E-01  1.5000000000000000E+00
 -1.8369701987210297E-16 -1.0000000000000000E+00  1.5000000000000000E+00
 -5.0000000000000000E-01 -5.0000000000000000E-01  1.5000000000000000E+00
 -5.3033008588991060E-01 -5.3033008588991060E-01  1.5000000000000000E+00
 -6.0355339059327373E-01 -6.0355339059327373E-01  1.5000000000000000E+00
 -6.7677669529663698E-01 -6.7677669529663687E-01  1.5000000000000000E+00
 -7.0710678118654768E-01 -7.0710678118654746E-01  1.5000000000000000E+00
 -4.2677669529663687E-01 -5.0000000000000000E-01  1.5000000000000000E+00
 -4.5526151616431848E-01 -5.4153022151000463E-01  1.5000000000000000E+00
 -5.2402995702484378E-01 -6.4179304552781702E-01  1.5000000000000000E+00
 -5.9279839788536903E-01 -7.4205586954562930E-01  1.5000000000000000E+00
 -6.2128321875305093E-01 -7.8358609105563426E-01  1.5000000000000000E+00
 -2.5000000000000000E-01 -5.0000000000000000E-01  1.5000000000000000E+00
 -2.6943103879431413E-01 -5.6207572033318609E-01  1.5000000000000000E+00
 -3.1634171618254509E-01 -7.1193976625564326E-01  1.5000000000000000E+00
 -3.6325239357077616E-01 -8.6180381217810043E-01  1.5000000000000000E+00
 -3.8268343236509028E-01 -9.2387953251128652E-01  1.5000000000000000E+00
 -7.3223304703363135E-02 -5.0000000000000000E-01  1.5000000000000000E+00
 -7.9307012729959644E-02 -5.7225567566775837E-01  1.5000000000000000E+00
 -9.3994383157287142E-02 -7.4669630782329288E-01  1.5000000000000000E+00
 -1.0868175358461460E-01 -9.2113693997882740E-01  1.5000000000000000E+00
 -1.1476546161121116E-01 -9.9339261564658599E-01  1.5000000000000000E+00
  0.0000000000000000E+00 -5.0000000000000000E-01  1.5000000000000000E+00
 -2.6901805718389488E-17 -5.7322330470336302E-01  1.5000000000000000E+00
 -9.1848509936051472E-17 -7.5000000000000000E-01  1.5000000000000000E+00
 -1.5679521415371347E-16 -9.2677669529663687E-01  1.5000000000000000E+00
 -1.8369701987210297E-16 -1.0000000000000000E+00  1.5000000000000000E+00
 --- --- --- cylinder top ---
 19 33 34 20 36 50 51 37 Insulator
 0 0 1 1 1 0
  0.0000000000000000E+00 -5.0000000000000000E-01  7.5000000000000000E-01
 -2.6901805718389488E-17 -5.7322330470336302E-01  7.5000000000000000E-01
 -9.1848509936051472E-17 -7.5000000000000000E-01  7.5000000000000000E-01
 -1.5679521415371347E-16 -9.2677669529663687E-01  7.5000000000000000E-01
 -1.8369701987210297E-16 -1.0000000000000000E+00  7.5000000000000000E-01
  7.3223304703363107E-02 -5.0000000000000000E-01  7.5000000000000000E-01
  7.9307012729959603E-02 -5.7225567566775837E-01  7.5000000000000000E-01
  9.3994383157286948E-02 -7.4669630782329299E-01  7.5000000000000000E-01
  1.0868175358461431E-01 -9.2113693997882728E-01  7.5000000000000000E-01
  1.1476546161121082E-01 -9.9339261564658599E-01  7.5000000000000000E-01
  2.4999999999999997E-01 -5.0000000000000000E-01  7.5000000000000000E-01
  2.6943103879431396E-01 -5.6207572033318609E-01  7.5000000000000000E-01
  3.1634171618254447E-01 -7.1193976625564337E-01  7.5000000000000000E-01
  3.6325239357077521E-01 -8.6180381217810076E-01  7.5000000000000000E-01
  3.8268343236508917E-01 -9.2387953251128696E-01  7.5000000000000000E-01
  4.2677669529663687E-01 -5.0000000000000000E-01  7.5000000000000000E-01
  4.5526151616431854E-01 -5.4153022151000485E-01  7.5000000000000000E-01
  5.2402995702484345E-01 -6.4179304552781713E-01  7.5000000000000000E-01
  5.9279839788536914E-01 -7.4205586954562952E-01  7.5000000000000000E-01
  6.2128321875305070E-01 -7.8358609105563437E-01  7.5000000000000000E-01
  5.0000000000000000E-01 -5.0000000000000000E-01  7.5000000000000000E-01
  5.3033008588991060E-01 -5.3033008588991060E-01  7.5000000000000000E-01
  6.0355339059327362E-01 -6.0355339059327373E-01  7.5000000000000000E-01
  6.7677669529663675E-01 -6.7677669529663698E-01  7.5000000000000000E-01
  7.0710678118654735E-01 -7.0710678118654768E-01  7.5000000000000000E-01
 -1.8369701987210297E-16 -1.0000000000000000E+00  7.5000000000000000E-01
  1.1476546161121082E-01 -9.9339261564658599E-01  7.5000000000000000E-01
  3.8268343236508917E-01 -9.2387953251128696E-01  7.5000000000000000E-01
  6.2128321875305070E-01 -7.8358609105563437E-01  7.5000000000000000E-01
  7.0710678118654735E-01 -7.0710678118654768E-01  7.5000000000000000E-01
 -1.8369701987210297E-16 -1.0000000000000000E+00  8.5983495705504465E-01
  1.1476546161121082E-01 -9.9339261564658599E-01  8.5983495705504465E-01
  3.8268343236508917E-01 -9.2387953251128696E-01  8.5983495705504465E-01
  6.2128321875305070E-01 -7.8358609105563437E-01  8.5983495705504465E-01
  7.0710678118654735E-01 -7.0710678118654768E-01  8.5983495705504465E-01
 -1.8369701987210297E-16 -1.0000000000000000E+00  1.1250000000000000E+00
  1.1476546161121082E-01 -9.9339261564658599E-01  1.1250000000000000E+00
  3.8268343236508917E-01 -9.2387953251128696E-01  1.1250000000000000E+00
  6.2128321875305070E-01 -7.8358609105563437E-01  1.1250000000000000E+00
  7.0710678118654735E-01 -7.0710678118654768E-01  1.1250000000000000E+00
 -1.8369701987210297E-16 -1.0000000000000000E+00  1.3901650429449552E+00
  1.1476546161121082E-01 -9.9339261564658599E-01  1.3901650429449552E+00
  3.8268343236508917E-01 -9.2387953251128696E-01  1.3901650429449552E+00
  6.2128321875305070E-01 -7.8358609105563437E-01  1.3901650429449552E+00
  7.0710678118654735E-01 -7.0710678118654768E-01  1.3901650429449552E+00
 -1.8369701987210297E-16 -1.0000000000000000E+00  1.5000000000000000E+00
  1.1476546161121082E-01 -9.9339261564658599E-01  1.5000000000000000E+00
  3.8268343236508917E-01 -9.2387953251128696E-01  1.5000000000000000E+00
  6.2128321875305070E-01 -7.8358609105563437E-01  1.5000000000000000E+00
  7.0710678118654735E-01 -7.0710678118654768E-01  1.5000000000000000E+00
  0.0000000000000000E+00 -5.0000000000000000E-01  1.5000000000000000E+00
 -2.6901805718389488E-17 -5.7322330470336302E-01  1.5000000000000000E+00
 -9.1848509936051472E-17 -7.5000000000000000E-01  1.5000000000000000E+00
 -1.5679521415371347E-16 -9.2677669529663687E-01  1.5000000000000000E+00
 -1.8369701987210297E-16 -1.0000000000000000E+00  1.5000000000000000E+00
  7.3223304703363107E-02 -5.0000000000000000E-01  1.5000000000000000E+00
  7.9307012729959603E-02 -5.7225567566775837E-01  1.5000000000000000E+00
  9.3994383157286948E-02 -7.4669630782329299E-01  1.5000000000000000E+00
  1.0868175358461431E-01 -9.2113693997882728E-01  1.5000000000000000E+00
  1.1476546161121082E-01 -9.9339261564658599E-01  1.5000000000000000E+00
  2.4999999999999997E-01 -5.0000000000000000E-01  1.5000000000000000E+00
  2.6943103879431396E-01 -5.6207572033318609E-01  1.5000000000000000E+00
  3.1634171618254447E-01 -7.1193976625564337E-01  1.5000000000000000E+00
  3.6325239357077521E-01 -8.6180381217810076E-01  1.5000000000000000E+00
  3.8268343236508917E-01 -9.2387953251128696E-01  1.5000000000000000E+00
  4.2677669529663687E-01 -5.0000000000000000E-01  1.5000000000000000E+00
  4.5526151616431854E-01 -5.4153022151000485E-01  1.5000000000000000E+00
  5.2402995702484345E-01 -6.4179304552781713E-01  1.5000000000000000E+00
  5.9279839788536914E-01 -7.4205586954562952E-01  1.5000000000000000E+00
  6.2128321875305070E-01 -7.8358609105563437E-01  1.5000000000000000E+00
  5.0000000000000000E-01 -5.0000000000000000E-01  1.5000000000000000E+00
  5.3033008588991060E-01 -5.3033008588991060E-01  1.5000000000000000E+00
  6.0355339059327362E-01 -6.0355339059327373E-01  1.5000000000000000E+00
  6.7677669529663675E-01 -6.7677669529663698E-01  1.5000000000000000E+00
  7.0710678118654735E-01 -7.0710678118654768E-01  1.5000000000000000E+00
 --- --- --- cylinder top ---
 20 34 27 23 37 51 44 40 Insulator
 0 0 1 1 1 0
  5.0000000000000000E-01 -5.0000000000000000E-01  7.5000000000000000E-01
  5.3033008588991060E-01 -5.3033008588991060E-01  7.5000000000000000E-01
  6.0355339059327362E-01 -6.0355339059327373E-01  7.5000000000000000E-01
  6.7677669529663675E-01 -6.7677669529663698E-01  7.5000000000000000E-01
  7.0710678118654735E-01 -7.0710678118654768E-01  7.5000000000000000E-01
  5.0000000000000000E-01 -4.2677669529663687E-01  7.5000000000000000E-01
  5.4153022151000474E-01 -4.5526151616431848E-01  7.5000000000000000E-01
  6.4179304552781702E-01 -5.2402995702484378E-01  7.5000000000000000E-01
  7.4205586954562941E-01 -5.9279839788536903E-01  7.5000000000000000E-01
  7.8358609105563404E-01 -6.2128321875305093E-01  7.5000000000000000E-01
  5.0000000000000000E-01 -2.5000000000000000E-01  7.5000000000000000E-01
  5.6207572033318609E-01 -2.6943103879431413E-01  7.5000000000000000E-01
  7.1193976625564326E-01 -3.1634171618254514E-01  7.5000000000000000E-01
  8.6180381217810043E-01 -3.6325239357077621E-01  7.5000000000000000E-01
  9.2387953251128641E-01 -3.8268343236509039E-01  7.5000000000000000E-01
  5.0000000000000000E-01 -7.3223304703363135E-02  7.5000000000000000E-01
  5.7225567566775837E-01 -7.9307012729959700E-02  7.5000000000000000E-01
  7.4669630782329288E-01 -9.3994383157287170E-02  7.5000000000000000E-01
  9.2113693997882740E-01 -1.0868175358461465E-01  7.5000000000000000E-01
  9.9339261564658599E-01 -1.1476546161121123E-01  7.5000000000000000E-01
  5.0000000000000000E-01  0.0000000000000000E+00  7.5000000000000000E-01
  5.7322330470336302E-01 -3.5869074291185986E-17  7.5000000000000000E-01
  7.5000000000000000E-01 -1.2246467991473530E-16  7.5000000000000000E-01
  9.2677669529663687E-01 -2.0906028553828465E-16  7.5000000000000000E-01
  1.0000000000000000E+00 -2.4492935982947064E-16  7.5000000000000000E-01
  7.0710678118654735E-01 -7.0710678118654768E-01  7.5000000000000000E-01
  7.8358609105563404E-01 -6.2128321875305093E-01  7.5000000000000000E-01
  9.2387953251128641E-01 -3.8268343236509039E-01  7.5000000000000000E-01
  9.9339261564658599E-01 -1.1476546161121123E-01  7.5000000000000000E-01
  1.0000000000000000E+00 -2.4492935982947064E-16  7.5000000000000000E-01
  7.0710678118654735E-01 -7.0710678118654768E-01  8.5983495705504465E-01
  7.8358609105563404E-01 -6.2128321875305093E-01  8.5983495705504465E-01
  9.2387953251128641E-01 -3.8268343236509039E-01  8.5983495705504465E-01
  9.9339261564658599E-01 -1.1476546161121123E-01  8.5983495705504465E-01
  1.0000000000000000E+00 -2.4492935982947064E-16  8.5983495705504465E-01
  7.0710678118654735E-01 -7.0710678118654768E-01  1.1250000000000000E+00
  7.8358609105563404E-01 -6.2128321875305093E-01  1.1250000000000000E+00
  9.2387953251128641E-01 -3.8268343236509039E-01  1.1250000000000000E+00
  9.9339261564658599E-01 -1.1476546161121123E-01  1.1250000000000000E+00
  1.0000000000000000E+00 -2.4492935982947064E-16  1.1250000000000000E+00
  7.0710678118654735E-01 -7.0710678118654768E-01  1.3901650429449552E+00
  7.8358609105563404E-01 -6.2128321875305093E-01  1.3901650429449552E+00
  9.2387953251128641E-01 -3.8268343236509039E-01  1.3901650429449552E+00
  9.9339261564658599E-01 -1.1476546161121123E-01  1.3901650429449552E+00
  1.0000000000000000E+00 -2.4492935982947064E-16  1.3901650429449552E+00
  7.0710678118654735E-01 -7.0710678118654768E-01  1.5000000000000000E+00
  7.8358609105563404E-01 -6.2128321875305093E-01  1.5000000000000000E+00
  9.2387953251128641E-01 -3.8268343236509039E-01  1.5000000000000000E+00
  9.9339261564658599E-01 -1.1476546161121123E-01  1.5000000000000000E+00
  1.0000000000000000E+00 -2.4492935982947064E-16  1.5000000000000000E+00
  5.0000000000000000E-01 -5.0000000000000000E-01  1.5000000000000000E+00
  5.3033008588991060E-01 -5.3033008588991060E-01  1.5000000000000000E+00
  6.0355339059327362E-01 -6.0355339059327373E-01  1.5000000000000000E+00
  6.7677669529663675E-01 -6.7677669529663698E-01  1.5000000000000000E+00
  7.0710678118654735E-01 -7.0710678118654768E-01  1.5000000000000000E+00
  5.0000000000000000E-01 -4.2677669529663687E-01  1.5000000000000000E+00
  5.4153022151000474E-01 -4.5526151616431848E-01  1.5000000000000000E+00
  6.4179304552781702E-01 -5.2402995702484378E-01  1.5000000000000000E+00
  7.4205586954562941E-01 -5.9279839788536903E-01  1.5000000000000000E+00
  7.8358609105563404E-01 -6.2128321875305093E-01  1.5000000000000000E+00
  5.0000000000000000E-01 -2.5000000000000000E-01  1.5000000000000000E+00
  5.6207572033318609E-01 -2.6943103879431413E-01  1.5000000000000000E+00
  7.1193976625564326E-01 -3.1634171618254514E-01  1.5000000000000000E+00
  8.6180381217810043E-01 -3.6325239357077621E-01  1.5000000000000000E+00
  9.2387953251128641E-01 -3.8268343236509039E-01  1.5000000000000000E+00
  5.0000000000000000E-01 -7.3223304703363135E-02  1.5000000000000000E+00
  5.7225567566775837E-01 -7.9307012729959700E-02  1.5000000000000000E+00
  7.4669630782329288E-01 -9.3994383157287170E-02  1.5000000000000000E+00
  9.2113693997882740E-01 -1.0868175358461465E-01  1.5000000000000000E+00
  9.9339261564658599E-01 -1.1476546161121123E-01  1.5000000000000000E+00
  5.0000000000000000E-01  0.0000000000000000E+00  1.5000000000000000E+00
  5.7322330470336302E-01 -3.5869074291185986E-17  1.5000000000000000E+00
  7.5000000000000000E-01 -1.2246467991473530E-16  1.5000000000000000E+00
  9.2677669529663687E-01 -2.0906028553828465E-16  1.5000000000000000E+00
  1.0000000000000000E+00 -2.4492935982947064E-16  1.5000000000000000E+00
 --- --- --- cylinder top ---
